product_id,path,size_bytes,sha256,note
NAC_M1406988604LE_EDR,data/raw/lroc_nac_rimae_bode/M1406988604LE.IMG,264467400,95b65ef8f42670aeee666b620a9869cd77113b01877fab50f73e23ca474adbf6,LROC NAC EDR, orbit 57968, stereo partner
NAC_M1406995626LE_EDR,data/raw/lroc_nac_rimae_bode/M1406995626LE.IMG,264467400,fdfbd60c7e483a6bde899548b137aea44858e8de823ae54a581f99b1e5559c55,LROC NAC EDR, orbit 57969, primary
NAC_DEM_RimaeBode,outputs/week4/nac_dem.tif,29747331,4f642a1b1eedabc4c771dfd7eb1dfa213285eb5b8e9b71d78d3c89c3d5050b73,ASP DEM, 3.283 m/px, 2176x13866
NAC_ORTHO_RimaeBode,outputs/week4/nac_ortho.tif,61791432,9b34d7801800455a024f8e1b7a540e6611116293d0efeffb0f2e4093ccc9908a,ASP orthoimage, same grid
NAC_IntersectionErr,outputs/week4/nac_intersection_err.tif,22499221,a0caadfea52c06b1dbd60fa50db6101970583ff331205da53e2f11ea191aa9e4,ASP triangulation error (median 4.46 m)
NAC_vs_SLDEM_stats,outputs/week4/nac_vs_sldem_stats.csv,431,ee95cccb635e66e4bf77d2cd02093cb18252289cbb6dc4264c2bc557995bb035,DEM comparison statistics
NAC_vs_SLDEM_coreg,outputs/week4/nac_vs_sldem_coregistration.csv,120,61847bae682f047b5f4564c1e2f50f7feb9732ba6be4cdb86b9be33682760423,registration and slope dependence
Robbins2018_catalogue,data/raw/robbins/lunar_crater_database_robbins_2018.zip,96227201,694137e141138892555d0f976446875331d3317ea506ddf055d91b917ca307ab,USGS Robbins 2018 crater database, 96,227,201 bytes, 1,296,796 craters
Crater_labels_RimaeBode,data/interim/week6/crater_mask_sldem.tif,91336,440e73ae067687d4134275ec3c4244f90e6698ec01ffcf1f4f0f0c7e67c7fc74,Crater discs rasterised on the study-area DEM grid, 5.50 percent coverage
Crater_tiles_week6,data/interim/week6/tiles.csv,8000,1ec1888836d70db2fd3da225d18f07d5fadf18321a99c4f043352dc00e0a06ce,120 tiles of 256 px with the crater count of each
UNet_crater_weights,outputs/week6/unet_craters.pt,5193791,ac5bb8d815682da9e60ae356f7b92a428971ac11b2bbe33f0f93451bc68bcbc7,PyTorch U-Net, 1,286,417 params, 12 epochs on CPU
Crater_catalogue_RimaeBode,outputs/week6/craters_detected.geojson,88292,3241221f825ed25a698c1c62bc1af7546965011d08af59ba0c2d8bd8011270cc,632 detected craters with lon/lat/diameter
Crater_detection_metrics,outputs/week6/catalog_metrics.csv,216,c528d82c6974a42a63c0a89271cb6cbb506f246a4dde2c8035a85002197030a3,Detection-level precision/recall/F1 per diameter bin
Crater_pixel_metrics,outputs/week6/metrics.csv,257,e0b8732409ede52e4ce111aabd5748b641780cc46b67c67c6d92ea9e3322ea59,Pixel-level IoU/P/R/F1 on validation and study area
Crater_ablation_features,outputs/week6/ablation_features.csv,546,ede8b544bd87811a0729f1b795e41a84e5b33f517bc458164390f4eaed0b187b,Input-feature ablation: DEM / +slope / +slope+shade
Crater_pred_mask,outputs/week6/study_area_crater_pred.tif,128919,f17e964ba1aee5b53e24610286dd87a8db272645c5b31f5665bd1c01067295e8,Study-area prediction, 3073x2561 px, 7.24 percent coverage
Crater_review_map,outputs/week6/review_fp_map.png,827266,0de988ec84299b787053aae47fc9e46ddb6f8b2b1000adc0e59c5978718e03d3,Quick-look: study DEM + Robbins circles + spurious detections
Crater_labels_vs_pred,outputs/week6/labels_vs_pred.png,221841,5682a60929e8ff42e63f62121635c67ac4430ba625d03158732a1bf628c092c1,Side-by-side of the Robbins labels and the prediction
Crater_review_FP,outputs/week6/review_false_positives.csv,4597,6c2c87f3e813d5ab9676d26a922120ff5f872772d47d3e887c004b1edc4817df,40 randomly sampled spurious detections with the manual verdict (TP/FP) and a note
Crater_review_misses,outputs/week6/review_misses.csv,4823,5ebc5509af5f50a455f85355bd64a6cf8febaf1415bad7bafce3b81ebdd0a722,40 randomly sampled misses judged for detectability at 59 m/px
Crater_review_misses_all,outputs/week6/review_misses_all.csv,5688,986cd0f3bc32c7a6334b7b17c59a22893239570f9be89b52623c82329d78f4fd,All 250 false negatives (reference list)
Crater_review_summary,outputs/week6/review_summary.txt,1839,2b317c576698700d6cc418d652b30108e1edb06301106d05041cb044595fa163,Corrected precision (0.726) and detectable recall (0.717) with Wilson intervals
Crater_review_map_fp,outputs/week6/review_fp_map.png,743542,b9201a7e5f1914588ec708723b4edcb435e89c986f0b1678df5105cb4203b9f2,Quick-look map of the reviewed false positives
Crater_review_map_miss,outputs/week6/review_miss_map.png,750756,4ce9f44393fed9957feb1bd2e847f8004b2d32a07b63ac76d90aecdbc8ace719,Quick-look map of the reviewed misses
Crater_size_sweep_05,outputs/week6/catalog_metrics_md0.5.csv,215,02a9924353fc3df350f87128a69ff5ab1655dbf91cf5c8060a562265cc494c90,Detection metrics with the size filter lowered to 0.5 km
Crater_size_sweep_03,outputs/week6/catalog_metrics_md0.3.csv,214,f9027411134de0d214e811fc32b1b0bfa4fa41ccc29e9eed06d40bfaa337e156,Detection metrics with the size filter lowered to 0.3 km
Crater_sample_tiles,outputs/week6/sample_tiles.png,640979,84757fc6106e480a503ae34212321aaac06df5b3f8506024edba8a578a88ce56,Teaching figure: input DEM / label / prediction for three contrasting tiles
Suitability_equal,outputs/week7/suitability_equal.tif,31495672,c78a8995c2d8d8da44dd5e56425e1d2f360928856dc74553a95c7899f2d63e36,Suitability S (0-1) for the equal weights; SLDEM 59.2 m grid
Suitability_summary_equal,outputs/week7/suitability_summary_equal.csv,302,19cc7a0d13fbd404127748c121640a35bdbb9f6ca2f2ebca316687b65c9dbfba,Weights, thresholds, class fractions and candidate count for equal
Candidate_sites_equal,outputs/week7/candidate_sites_equal.geojson,3619,68e9cb52a1ce6a190d8afdb5b3613781f37bfcaaf226019ac549cba23aae5e4a,Top non-overlapping 5 km candidate sites, ranked by mean S (equal)
Literature_comparison_equal,outputs/week7/literature_comparison_equal.csv,491,b99c34c4682670e840ad59fd32ce70ac957892ac56c2cf169c26931ace1e5161,Suitability of the paper's LS1-LS4 at the same 5 km window definition (equal)
Suitability_entropy,outputs/week7/suitability_entropy.tif,31495672,afad6a12fd0bb8d47857a04594dc5dbc235603e6f2b2d7c28df763ab32012529,Suitability S (0-1) for the entropy weights; SLDEM 59.2 m grid
Suitability_summary_entropy,outputs/week7/suitability_summary_entropy.csv,302,7d7ae99adde27c358ab211d104b408f459858794674990477de8428f585636cf,Weights, thresholds, class fractions and candidate count for entropy
Candidate_sites_entropy,outputs/week7/candidate_sites_entropy.geojson,3617,e60075b8f78b0fdcfb6e8464df30d26e5b0b09d94c5bc7231a3663e033fed77f,Top non-overlapping 5 km candidate sites, ranked by mean S (entropy)
Literature_comparison_entropy,outputs/week7/literature_comparison_entropy.csv,488,79854c27c75480370b7de540deb8457fddbecbc9a273033f621cfe572a6e6f3d,Suitability of the paper's LS1-LS4 at the same 5 km window definition (entropy)
Suitability_calib50_95,outputs/week7/suitability_calib50_95.tif,31495672,9b43e68d6a0ea6a2823012046dc9709e51d2d34fdb2beab88a622073e9fa5bec,Suitability S (0-1) for the calib50_95 weights; SLDEM 59.2 m grid
Suitability_summary_calib50_95,outputs/week7/suitability_summary_calib50_95.csv,363,f8b349580ab58428ad0e043ec5d2cb68d71b9b307e59615e1d9b7a5eadf80a60,Weights, thresholds, class fractions and candidate count for calib50_95
Candidate_sites_calib50_95,outputs/week7/candidate_sites_calib50_95.geojson,3628,a576a428af75fcb07c727729462acb5aa65e4d82b222a78e2a1de46196ffb3e4,Top non-overlapping 5 km candidate sites, ranked by mean S (calib50_95)
Literature_comparison_calib50_95,outputs/week7/literature_comparison_calib50_95.csv,490,756324035c88292df54b111554eb5c54ac24f5d8b8adac7751189eac4588d559,Suitability of the paper's LS1-LS4 at the same 5 km window definition (calib50_95)
Suitability_ahp,outputs/week7/suitability_ahp.tif,31495672,da8f7c684cf55bf5a0998d65577269386dab3eba2092bb742bb304e1145a1e95,Suitability S (0-1) for the ahp weights; SLDEM 59.2 m grid
Suitability_summary_ahp,outputs/week7/suitability_summary_ahp.csv,297,1e3d5470ec7c041ea5c840e64d664f5fc3a54fbf9afca22f32a0ab7588803956,Weights, thresholds, class fractions and candidate count for ahp
Candidate_sites_ahp,outputs/week7/candidate_sites_ahp.geojson,3631,1ca52485e3c96a804b27639851982219b3a7cfcefc1b0e5a21e0afacabaa4922,Top non-overlapping 5 km candidate sites, ranked by mean S (ahp)
Literature_comparison_ahp,outputs/week7/literature_comparison_ahp.csv,491,60f2743d1d68d04f10d3d55100a58c574ab77eb60c135b920036432c53c02947,Suitability of the paper's LS1-LS4 at the same 5 km window definition (ahp)
Hazard_slope,outputs/week7/hazard_slope.tif,31495672,3a312a885003cfc8c719cc97a1713e981002241ceb533a14b1f308e5aa368102,Slope hazard layer, 0-1 ramp 5-15 deg
Hazard_roughness,outputs/week7/hazard_roughness.tif,31495672,97523646a9c5e83a6466ce3f2dcd9fb5cfc6f5d7fc824a73bb8f5473d441458c,Roughness hazard layer, 0-1 ramp 1-5 m
Hazard_crater,outputs/week7/hazard_crater.tif,31495672,5da1780bd3706ec3f876c90eda0992a18fb204213d60ffd8854a3ab9de18a853,Crater hazard layer: 1 inside a mapped crater, decays over a 1 km rim buffer
Suitability_map,outputs/week7/suitability_map.png,3379466,4af4cc9979f3df8d59aeb1c620de9e24d2e01d7cd4c79aab84064f2844bf6aa2,Six-panel figure: hazard layers, S, classes, histogram
Config_AHP_matrix,configs/ahp_matrix.csv,1158,938a6fef9bb9126af929029e17df08c39e7b3086dcb5ca7962e989874f4c8df9,Author's pairwise judgement (2026-10-02): weights 0.550/0.210/0.240, CR 0.0157
Config_landing_sites,configs/landing_sites.csv,826,cd1cdec950b1851b238b80a98fa9f546deed2d064405d9b162cd9d516698b0b0,Paper LS1-LS4 coordinates read from Fig. 5, plus landmarks
MC_sites_k15,outputs/week8/mc_sites_k15.csv,1282,ac5fd8b1cb67d976ae00b2ca5a8287b9766ae1992043770d1e1f23ea387ffd95,Per-site rank percentile distribution over 200 Monte Carlo draws (k15)
MC_draws_k15,outputs/week8/mc_draws_k15.csv,15457,43f76ab52688cce0056f66bfeddb506942cd4c976c4a7aa49a10222aa52c15b9,Every Monte Carlo draw: weights, thresholds, buffer, catalogue, safe fraction
MC_prob_safe_k15,outputs/week8/mc_prob_safe_k15.tif,31495665,9fac8d8d00ba7530a54694000903c86d1f927e98eb164ce057402125c1fa9ef2,Per-pixel probability of being classified safe over 200 draws (k15)
MC_prob_danger_k15,outputs/week8/mc_prob_danger_k15.tif,31495665,fe686171e804189f72f1f6263e6b568507334a9453686550853afbe451c643eb,Per-pixel probability of being classified danger over 200 draws (k15)
MC_summary_k15,outputs/week8/mc_summary_k15.png,1658647,882f6f2802b190c3f0c16198e2acfed86fede70e6bb0216753ebb7552c746d4f,Four-panel Monte Carlo summary figure (k15)
MC_sites_k60,outputs/week8/mc_sites_k60.csv,1280,e474968f944fbea0a0db4a2cc614e9bc8ea17e09cfe6558699a9414faf69746d,Per-site rank percentile distribution over 200 Monte Carlo draws (k60)
MC_draws_k60,outputs/week8/mc_draws_k60.csv,15455,291c0157cc01653dffdd176e96c5ec68b3c27f859fd56482299792d502134963,Every Monte Carlo draw: weights, thresholds, buffer, catalogue, safe fraction
MC_prob_safe_k60,outputs/week8/mc_prob_safe_k60.tif,31495665,59aef4690c988a913cf778d1f9649e8aaa102d26151806c9b41508753ba98b5b,Per-pixel probability of being classified safe over 200 draws (k60)
MC_prob_danger_k60,outputs/week8/mc_prob_danger_k60.tif,31495665,378aa8ab842607b49678366bb5a5c9d4721a0207673b65553a8c82f1855b3e4e,Per-pixel probability of being classified danger over 200 draws (k60)
MC_summary_k60,outputs/week8/mc_summary_k60.png,1623005,e785bc69df8f791aa2519e73d90e716623a890d9b99be39cdaf9d03dd6d0f620,Four-panel Monte Carlo summary figure (k60)
