kind,area_km2,lon,lat,slope_med_deg,rough_med_m,n_px
sensitive,7438.8,356.8521,10.2741,6.16,5.27,2121218
sensitive,77.0,353.2556,8.2179,6.21,5.31,21943
sensitive,69.4,354.1082,8.9261,7.24,6.22,19781
sensitive,44.8,356.253,10.0906,6.12,5.28,12774
sensitive,44.7,354.0355,9.3652,7.39,6.35,12752
robust_safe,2331.8,354.2638,10.7767,1.56,1.55,664933
robust_safe,824.6,353.3844,12.126,1.56,1.55,235144
robust_safe,437.8,356.5239,10.3221,1.58,1.58,124852
robust_safe,404.6,354.558,12.6672,1.59,1.59,115380
robust_safe,97.9,357.2409,9.3395,1.61,1.58,27916
never_safe,104.3,358.8185,8.9961,31.91,30.16,29734
never_safe,63.5,356.9087,8.7361,30.17,28.18,18115
never_safe,33.7,355.2293,12.2289,26.61,24.33,9601
never_safe,31.7,354.1838,9.2529,20.04,17.69,9043
never_safe,27.3,353.8806,8.5077,25.22,22.91,7785
