cell_size_m,210.099
rows,216,cols,34
,,,,,,,-14.771,-8.004,-1.699,4.392,7.544,5.767,1.527,-0.072,10.094,7.328,,,,,,,,,,,,,,,,,
-5.05,-7.509,-5.047,-0.166,2.759,-1.168,-10.191,-8.185,-0.923,1.724,3.265,3.89,5.944,5.772,4.901,3.821,-2.381,2.312,,,,,,,,,,,,,,,,
-8.346,-9.05,-7.325,-3.962,-3.172,-7.75,-5.906,-5.744,1.116,2.726,3.284,5.891,5.43,1.074,1.706,0.593,1.897,3.296,,,,,,,,,,,,,,,,
-7.341,-9.172,-7.423,-8.015,-13.768,-14.506,-11.954,-2.81,-0.514,1.697,2.93,-0.578,-2.537,-3.177,-1.161,-1.236,-2.466,-4.067,,,,,,,,,,,,,,,,
-13.13,-13.568,-12.412,-15.209,-16.603,-10.16,-8.78,-4.448,-2.109,2.083,-3.971,-4.994,-4.169,-2.736,-8.782,-10.394,-11.725,-9.94,,,,,,,,,,,,,,,,
-13.748,-15.068,-19.574,-19.211,-10.355,-11.953,-5.754,-6.054,-0.909,4.524,-3.51,-6.216,-3.285,-5.562,-8.841,-16.505,-14.435,-6.533,,,,,,,,,,,,,,,,
-13.196,-17.527,-18.396,-17.421,-10.871,-8.642,-1.38,1.799,-0.148,1.151,-3.299,-2.208,-5.326,-10.706,-13.795,-17.569,-12.556,-10.151,,,,,,,,,,,,,,,,
-15.497,-17.242,-18.695,-18.052,-5.277,1.293,5.576,5.917,5.535,2.123,-0.831,-7.703,-8.23,-13.197,-14.896,-11.527,-12.558,-9.279,,,,,,,,,,,,,,,,
-19.778,-18.693,-15.903,-9.714,1.532,8.392,10.415,11.604,4.286,4.538,-1.984,-2.63,-9.717,-12.564,-8.246,-5.938,-9.763,-2.042,,,,,,,,,,,,,,,,
-14.046,-13.414,-11.673,-0.156,14.302,14.176,16.413,11.485,11.578,2.384,-0.323,-2.273,-8.695,-7.525,-9.692,-9.868,-5.453,2.67,,,,,,,,,,,,,,,,
-8.332,-8.406,1.174,13.229,16.841,18.682,15.571,12.017,9.2,1.631,-0.314,-7.633,-9.813,-11.403,-11.96,-9.687,-2.822,-9.061,,,,,,,,,,,,,,,,
-4.958,-1.918,10.674,12.931,13.327,13.91,9.317,9.124,2.749,0.823,-4.985,-6.971,-3.275,-7.298,-8.096,-6.442,-7.97,-8.434,,,,,,,,,,,,,,,,
,3.088,10.072,13.258,12.589,10.152,11.158,6.102,2.428,4.135,-1.325,-6.087,-6.618,-6.706,-10.027,-10.599,-10.33,-8.206,,,,,,,,,,,,,,,,
,2.026,6.979,8.641,10.373,8.562,6.053,9.088,8.195,3.153,0.916,-8.649,-10.289,-7.884,-6.19,-0.844,0.474,1.065,-3.223,,,,,,,,,,,,,,,
,2.931,3.562,8.235,6.397,5.85,4.023,3.25,3.861,-4.484,-8.277,-10.884,-4.003,3.115,9.406,9.468,9.043,5.816,4.289,,,,,,,,,,,,,,,
,-0.169,5.961,10.222,7.467,1.077,0.587,4.54,-0.037,-8.543,-7.92,-1.563,5.132,11.245,12.495,11.793,10.973,7.787,5.146,,,,,,,,,,,,,,,
,2.319,2.943,6.695,3.473,1.417,-0.66,-3.658,-5.916,-10.972,0.105,6.035,14.197,14.687,13.069,13.448,9.509,5.951,3.619,,,,,,,,,,,,,,,
,4.095,-2.652,-1.775,-6.015,-2.876,-3.035,-9.048,-11.633,-2.967,4.415,10.934,17.228,14.966,12.927,15.116,8.671,4.119,0.276,,,,,,,,,,,,,,,
,-2.74,-6.439,-3.624,-5.128,-1.191,-3.713,-11.797,-9.964,-0.071,8.249,11.921,10.396,10.929,8.588,3.922,-1.369,-5.742,-5.259,,,,,,,,,,,,,,,
,-6.023,-2.793,-2.182,-2.244,-3.753,-3.248,-11.965,-2.88,5.947,8.749,14.062,10.904,5.194,4.22,1.368,-4.569,-10.733,-10.012,,,,,,,,,,,,,,,
,-2.44,-2.75,-0.194,1.027,0.227,-5.463,-6.354,3.862,6.944,10.227,8.714,6.213,1.823,-4.174,-3.723,-9.156,-13.192,-16.299,,,,,,,,,,,,,,,
,1.11,-1.742,-0.404,-8.146,-1.042,-6.06,-4.869,1.905,4.382,5.26,1.609,-0.105,1.589,-9.091,-12.922,-11.436,-13.459,-20.787,,,,,,,,,,,,,,,
,-0.449,-0.11,-5.824,-7.754,-4.784,-5.301,-9.66,-3.013,-1.838,-2.132,-2.809,-6.976,-13.334,-14.231,-15.556,-14.957,-15.648,-20.462,,,,,,,,,,,,,,,
,,-2.305,-2.465,1.615,-8.756,-7.89,-12.871,-2.626,-5.594,-7.3,-5.617,-10.232,-14.318,-15.218,-16.678,-23.668,-21.607,-21.953,,,,,,,,,,,,,,,
,,-2.512,-1.815,-2.322,-2.663,-9.319,-5.044,-5.112,-5.504,-3.87,-9.849,-15.498,-12.318,-19.047,-21.476,-22.447,-25.218,-25.459,,,,,,,,,,,,,,,
,,-0.559,-8.352,-5.288,-0.272,-4.709,-7.941,-4.275,-5.115,-3.324,-11.181,-15.174,-14.58,-20.727,-17.393,-23.259,-23.854,-21.968,,,,,,,,,,,,,,,
,,-3.304,-3.944,-0.572,-1.718,-1.654,-0.737,2.467,2.276,0.401,-7.516,-12.713,-16.498,-22.415,-26.202,-24.211,-19.127,-15.452,-8.79,,,,,,,,,,,,,,
,,-4.246,-5.171,0.536,-2.882,-4.076,9.93,4.543,5.202,0.31,-13.11,-15.249,-13.069,-22.076,-23.594,-20.785,-12.81,-9.675,-6.972,,,,,,,,,,,,,,
,,-0.867,-2.653,1.484,-7.269,8.316,10.675,1.786,2.215,-5.354,-10.506,-14.984,-13.755,-16.863,-18.112,-13.866,-11.598,-7.977,-8.248,,,,,,,,,,,,,,
,,-4.042,-4.074,-2.293,-1.706,8.007,4.051,-5.822,-11.056,-19.091,-16.219,-19.398,-17.455,-11.765,-9.478,-7.76,-7.302,-3.896,-3.599,,,,,,,,,,,,,,
,,-2.205,-0.001,-4.459,-3.128,1.803,-4.58,-11.383,-22.516,-25.806,-28.231,-25.237,-20.42,-7.866,-0.862,-1.66,-0.078,-0.277,-2.449,,,,,,,,,,,,,,
,,-3.789,-0.236,-7.504,-9.554,-8.026,-18.097,-23.509,-28.418,-29.915,-30.903,-29.255,-21.17,-10.609,2.022,2.269,2.129,3.083,2.999,,,,,,,,,,,,,,
,,-3.884,-5.397,-11.905,-16.939,-17.655,-16.674,-27.14,-26.719,-32.274,-31.223,-28.115,-19.261,-7.742,-10.378,-6.14,1.356,1.44,3.768,,,,,,,,,,,,,,
,,-7.263,-9.984,-16.738,-21.052,-21.533,-18.124,-24.99,-24.429,-28.244,-24.065,-23.42,-12.725,-7.734,-8.12,-2.802,2.371,-0.223,5.189,,,,,,,,,,,,,,
,,-11.461,-17.633,-19.215,-23.068,-22.929,-22.976,-20.829,-21.233,-17.827,-14.156,-10.12,-3.622,-0.579,-0.372,5.358,5.448,2.266,4.035,,,,,,,,,,,,,,
,,-20.739,-20.159,-24.333,-27.844,-29.322,-24.956,-19.632,-20.929,-18.57,-6.101,-2.054,1.295,6.404,10.027,8.115,5.403,4.779,2.162,,,,,,,,,,,,,,
,,-22.933,-28.761,-26.147,-28.517,-25.199,-24.214,-15.372,-16.864,-8.414,-0.862,-3.217,1.631,8.912,12.121,10.44,7.597,4.628,-1.106,,,,,,,,,,,,,,
,,-31.674,-32.16,-29.356,-28.754,-25.052,-18.641,-8.333,-4.814,-1.322,-0.86,-6.697,-0.953,6.822,6.62,6.038,6.638,-3.107,-7.347,,,,,,,,,,,,,,
,,-29.368,-29.77,-27.203,-27.744,-18.192,-5.555,2.233,2.944,-1.773,-7.636,-8.855,0.374,7.057,4.539,3.452,0.086,-8.086,-6.207,-9.181,,,,,,,,,,,,,
,,-27.099,-26.656,-23.03,-18.222,-9.334,0.311,2.935,-2.414,-10.734,-6.583,-1.98,3.121,0.622,0.475,0.779,-5.552,-8.444,-7.08,-6.645,,,,,,,,,,,,,
,,-20.621,-20.054,-13.406,-10.494,-3.42,-0.176,-3.003,-7.898,-2.222,1.756,7.661,5.04,2.891,-1.629,-1.259,1.606,-7.341,-6.324,-6.765,,,,,,,,,,,,,
,,-11.921,-8.678,-8.384,-4.653,-0.425,-1.694,-1.439,-2.336,4.267,5.615,8.932,8.26,6.73,0.859,-0.452,-5.733,-9.875,-4.959,-7.121,,,,,,,,,,,,,
,,-11.567,-6.782,0.518,2.605,2.095,1.964,5.931,5.947,7.848,9.106,9.391,8.57,7.233,3.946,1.006,-3.499,-4.988,-3.697,-2.991,,,,,,,,,,,,,
,,,-2.199,-0.522,2.196,2.384,9.175,6.882,7.846,7.121,10.245,9.281,6.81,7.779,4.964,-0.499,-4.288,-2.856,-1.312,-4.125,,,,,,,,,,,,,
,,,1.533,-0.497,2.0,2.271,10.022,7.675,6.065,7.179,8.749,4.388,6.211,3.964,-2.823,-5.383,-6.423,-4.833,-6.486,-6.484,,,,,,,,,,,,,
,,,6.724,6.437,3.651,8.611,6.196,8.301,7.893,7.338,11.243,8.169,4.021,-0.908,-3.33,-5.167,-10.29,-10.176,-10.708,-9.947,,,,,,,,,,,,,
,,,9.603,7.438,3.117,7.376,4.043,8.017,2.92,7.593,6.592,6.758,1.003,-2.635,-4.554,-3.362,-8.888,-9.829,-11.342,-7.947,,,,,,,,,,,,,
,,,10.476,6.95,-0.989,5.229,4.439,-0.374,-0.379,-3.733,-0.561,4.717,-0.911,-2.233,-6.134,-4.926,-12.862,-10.467,-7.974,-6.06,,,,,,,,,,,,,
,,,5.309,1.543,2.86,2.131,-5.275,-3.677,-3.977,-3.228,3.157,4.412,0.521,-1.616,-4.497,-7.493,-7.619,-5.737,-6.754,-3.812,,,,,,,,,,,,,
,,,-0.058,2.248,3.783,-3.876,-4.598,-0.286,-2.585,-0.505,7.901,8.606,6.51,3.269,-1.232,-1.253,-3.752,-3.439,-1.646,0.274,,,,,,,,,,,,,
,,,4.667,4.625,1.858,-4.844,-1.466,3.916,4.763,4.668,10.93,14.32,8.515,6.067,0.409,1.112,-4.403,1.071,0.748,3.442,,,,,,,,,,,,,
,,,7.322,5.505,2.457,2.462,5.052,8.525,10.144,9.645,16.734,12.175,9.149,-1.94,-2.246,-4.553,-3.154,1.417,-1.236,1.316,-1.745,,,,,,,,,,,,
,,,21.379,4.436,3.948,9.158,7.397,11.803,13.063,17.467,16.667,14.128,3.236,-5.772,-3.495,-4.302,-2.673,0.247,0.504,6.613,6.253,,,,,,,,,,,,
,,,11.0,7.205,9.245,12.1,13.575,14.954,16.235,19.461,16.524,6.469,-2.654,-2.091,-2.97,1.693,-1.762,1.518,4.055,4.669,2.267,,,,,,,,,,,,
,,,10.804,11.077,14.532,15.194,15.672,15.456,18.023,16.757,8.811,3.694,-1.403,-5.105,-4.106,-5.157,-0.087,1.915,2.237,0.402,-0.868,,,,,,,,,,,,
,,,,7.483,14.318,10.999,16.838,11.774,15.021,8.751,-3.938,-6.147,-5.222,-9.8,-5.068,-1.331,-0.679,-0.114,-0.433,3.291,0.486,,,,,,,,,,,,
,,,,7.316,12.874,10.037,9.421,15.176,13.45,6.739,-8.201,-6.882,-7.58,-5.564,-3.319,-4.252,-2.935,-5.947,-6.266,-5.475,-4.845,,,,,,,,,,,,
,,,,15.272,13.845,10.315,14.433,15.583,14.796,0.223,-4.493,-10.216,-8.663,-9.214,-3.209,-0.955,-2.5,-5.967,-5.758,-5.332,-6.015,,,,,,,,,,,,
,,,,11.61,10.246,9.205,10.396,12.201,4.05,0.542,-14.436,-12.701,-9.474,-6.421,-4.879,-4.153,-5.268,-3.468,-7.762,-9.862,-10.453,,,,,,,,,,,,
,,,,5.713,2.576,15.028,12.842,8.065,-8.059,-9.884,-12.546,-15.051,-11.502,-12.573,-7.289,-5.588,-5.849,-4.073,-7.298,-0.911,-0.501,,,,,,,,,,,,
,,,,3.454,6.072,14.017,12.589,2.609,-11.273,-9.715,-12.556,-12.028,-10.997,-7.455,-7.135,-5.455,-3.434,-2.662,0.563,1.36,2.969,,,,,,,,,,,,
,,,,7.138,7.746,10.185,2.741,-6.516,-17.802,-10.214,-9.727,-8.598,-7.775,-3.229,-3.096,-7.961,-4.529,-4.342,-1.205,-4.296,1.712,,,,,,,,,,,,
,,,,5.893,5.635,2.02,-9.044,-11.264,-10.652,-5.755,-4.068,-7.944,-9.277,-5.897,-9.014,-11.054,-5.513,-0.134,-0.738,-0.148,7.183,,,,,,,,,,,,
,,,,4.468,4.904,-2.586,-13.799,-9.776,-8.615,-2.914,-5.569,-7.866,-12.135,-8.657,-12.347,-11.871,-4.74,-3.617,3.055,4.459,3.841,,,,,,,,,,,,
,,,,3.152,2.849,-2.387,-13.783,-6.503,-2.808,-3.91,-7.131,-9.305,-11.877,-13.542,-14.395,-11.464,-4.564,1.945,2.699,3.914,4.357,5.718,,,,,,,,,,,
,,,,-2.953,-8.367,-8.303,-11.613,-7.91,-10.682,-13.191,-14.455,-14.049,-17.357,-15.116,-9.283,-9.238,-3.964,0.961,3.701,4.322,4.685,1.253,,,,,,,,,,,
,,,,,-5.199,-7.061,-7.902,-10.699,-13.94,-16.305,-17.206,-23.587,-22.039,-15.185,-7.939,-2.135,1.73,7.234,9.674,6.552,7.674,6.645,,,,,,,,,,,
,,,,,-10.394,-10.198,-14.702,-16.027,-16.701,-22.864,-23.493,-22.243,-23.827,-13.849,-4.013,-2.027,4.839,9.029,6.404,3.983,0.417,-14.416,,,,,,,,,,,
,,,,,-7.033,-11.396,-15.536,-15.455,-16.476,-17.649,-19.646,-15.852,-15.821,-8.448,-0.724,-2.56,3.482,6.47,5.104,0.627,-1.619,-1.805,,,,,,,,,,,
,,,1078.628,,-7.895,-7.497,-2.772,-8.68,-12.834,-15.734,-17.464,-15.996,-10.114,-4.856,-4.182,-9.936,-2.835,2.373,-2.101,-4.558,-1.898,1.327,,,,,,,,,,,
,,,,,-6.474,-2.385,-1.081,-4.892,-6.293,-8.506,-12.536,-13.769,-14.729,-10.705,-14.986,-8.179,-5.733,0.167,-2.702,-1.979,0.036,3.449,,,,,,,,,,,
,,,,,-1.483,-3.511,-3.671,-2.111,-0.164,-3.708,-7.293,-10.745,-9.318,-7.989,-6.698,-2.774,-5.946,1.107,-1.432,-1.031,1.459,1.116,,,,,,,,,,,
,,,,,-0.886,-0.495,1.812,-1.299,-3.606,-1.138,-1.412,-4.302,-8.139,-6.859,-0.057,-4.741,-6.829,0.024,-1.924,-0.756,1.677,1.967,,,,,,,,,,,
,,,,,0.849,-3.519,-0.157,-3.834,-4.377,-0.004,-11.954,-13.347,-9.588,-2.882,3.522,-1.158,-3.461,1.653,-0.895,-0.121,1.294,-0.817,,,,,,,,,,,
,,,,,-4.092,-5.311,-3.046,-4.777,-6.62,-9.235,-16.049,-15.482,-13.419,-11.413,-12.136,-8.837,-6.924,-2.178,-1.761,-4.866,0.68,2.866,,,,,,,,,,,
,,,,,-8.53,-11.611,-12.667,-9.883,-14.836,-14.76,-19.583,-17.234,-15.39,-12.45,-14.657,-16.069,-10.171,-4.48,-4.485,-5.356,0.787,4.914,,,,,,,,,,,
,,,,,-12.063,-9.146,-9.954,-13.0,-14.243,-15.807,-18.394,-15.618,-12.931,-9.303,-9.087,-10.375,-8.328,-5.516,-0.462,1.912,10.404,10.95,,,,,,,,,,,
,,,,,-5.346,-9.158,-17.869,-12.333,-3.797,-11.55,-20.704,-20.852,-15.9,-9.094,-6.566,-5.519,-5.288,1.257,11.286,20.904,26.283,25.784,,,,,,,,,,,
,,,,,-4.116,-11.551,-14.556,-9.521,-11.144,-16.145,-19.726,-18.697,-13.21,-12.79,-13.782,-7.627,4.666,14.313,19.576,26.971,27.622,25.339,24.791,,,,,,,,,,
,,,,,-11.958,-10.915,-8.417,-8.659,-14.61,-13.936,-12.406,-8.396,-9.938,-7.561,-10.533,-5.729,5.685,16.112,22.584,26.463,27.438,26.626,26.611,,,,,,,,,,
,,,,,-10.667,-6.74,-3.361,-7.166,-6.281,-9.554,-7.241,-7.398,1.236,3.811,1.866,2.695,5.987,14.345,15.199,17.251,22.633,19.273,17.39,,,,,,,,,,
,,,,,-2.54,1.839,-2.476,-6.803,-6.766,-7.034,-6.727,9.802,14.7,0.081,2.76,5.732,10.66,16.224,13.527,14.406,15.186,13.787,5.418,,,,,,,,,,
,,,,,3.313,-1.25,-1.54,-4.639,-4.192,-9.025,-4.579,10.849,-14.66,-15.676,-1.776,4.18,9.514,13.142,10.284,8.72,10.231,2.319,-5.581,,,,,,,,,,
,,,,,7.792,3.755,-1.03,-4.931,-5.291,-9.25,-0.39,8.939,-11.395,-8.425,-0.041,5.193,10.322,10.578,8.816,4.936,2.861,-4.029,-7.884,,,,,,,,,,
,,,,,,1.844,-0.637,-2.399,-6.962,-7.417,2.128,-7.891,-18.577,-12.571,2.312,4.537,6.32,6.025,1.561,-0.219,-3.985,-13.269,-13.29,,,,,,,,,,
,,,,,,-1.678,-4.578,-3.691,0.683,-1.683,-0.907,-7.109,-7.556,13.659,21.887,18.887,6.427,4.47,-0.075,-5.96,-6.213,-12.177,-13.205,,,,,,,,,,
,,,,,,0.255,-5.751,-4.934,-8.314,-5.306,-1.909,3.334,20.771,29.058,27.41,20.544,12.302,4.774,1.173,-4.787,-5.636,-8.54,-13.258,,,,,,,,,,
,,,,,,-2.976,-2.936,-3.874,-4.213,-5.342,2.184,17.203,30.367,31.915,22.853,10.848,3.522,2.172,3.588,-0.293,1.691,0.855,-3.804,,,,,,,,,,
,,,,,,-1.193,2.455,2.427,2.938,4.028,5.557,17.21,27.859,27.85,10.849,-4.553,-4.594,-1.691,9.26,10.301,9.672,8.849,13.194,,,,,,,,,,
,,,,,870.708,5.416,2.725,4.552,1.935,3.263,5.795,10.095,9.096,-6.809,-17.626,-21.282,-8.999,2.325,15.316,16.315,15.221,18.1,20.211,20.616,,,,,,,,,
,,,,,885.0,2.126,0.917,0.718,0.966,4.086,5.784,7.994,4.661,-16.719,-25.11,-18.985,-1.681,14.161,22.82,22.218,20.724,23.011,24.051,23.576,,,,,,,,,
,,,,,902.367,3.891,3.78,5.705,6.636,4.638,6.408,8.933,9.375,7.256,5.186,7.103,17.958,22.484,23.182,24.072,22.295,24.089,22.835,24.1,,,,,,,,,
,,,,,,5.757,2.436,2.241,4.433,8.538,8.434,9.088,13.585,15.16,16.516,16.867,21.476,21.959,23.821,20.127,19.611,19.353,18.64,21.03,,,,,,,,,
,,,,,,2.52,2.238,0.94,8.262,9.559,8.584,11.738,9.035,7.931,12.609,9.386,10.194,14.142,12.747,11.447,7.39,8.651,9.485,4.591,,,,,,,,,
,,,,,,3.6,2.578,3.299,6.831,10.378,8.753,6.299,2.038,6.377,5.549,4.185,5.203,6.777,8.831,4.162,5.989,9.029,11.009,5.945,,,,,,,,,
,,,,,,-3.764,-3.3,-0.142,3.224,5.329,0.387,-3.729,1.396,3.472,1.468,2.455,4.931,9.489,6.84,4.888,10.142,6.261,10.064,3.564,,,,,,,,,
,,,,,,,0.578,1.553,2.825,0.44,-4.245,-2.267,-3.098,3.941,4.147,3.635,3.207,4.966,10.681,14.942,11.289,11.484,6.778,1.527,,,,,,,,,
,,,,,,,-4.541,0.621,2.627,3.012,1.708,-1.125,1.822,4.673,4.026,0.778,2.494,4.636,7.729,2.061,-2.475,6.14,5.81,-0.557,,,,,,,,,
,,,,,,,-0.136,2.366,1.828,2.509,-0.836,0.768,2.931,0.62,0.975,2.851,3.601,4.283,9.42,-6.861,0.906,3.156,5.232,6.376,,,,,,,,,
,,,,,,,1.686,1.885,2.068,0.446,1.852,0.784,-0.551,0.22,-0.516,3.417,3.212,4.215,3.511,-13.239,2.983,5.356,0.973,1.575,,,,,,,,,
,,,,,,,-1.006,1.969,-1.857,-0.79,2.53,1.517,0.835,1.148,-1.861,-0.884,1.695,7.481,4.354,2.304,-2.017,-0.96,-5.793,-1.84,,,,,,,,,
,,,,,,,-2.193,-0.582,-2.271,-0.068,-1.126,-0.934,-3.132,-0.279,2.175,1.501,-1.411,-7.751,-1.605,-3.8,-7.717,0.712,10.683,5.988,,,,,,,,,
,,,,,,,1.296,-4.873,-2.84,0.772,1.14,0.242,-4.52,-5.206,0.676,4.064,-0.545,-1.792,-2.617,-1.445,0.542,2.618,-5.944,-10.009,,,,,,,,,
,,,,,,,-2.354,-0.279,-4.135,-5.212,-5.703,-5.434,-10.174,-5.387,0.417,2.934,-4.046,-6.805,-3.892,-1.778,-3.11,-1.432,-2.879,-1.676,-1.289,,,,,,,,
,,,,,,,-6.184,-8.176,-4.134,-2.893,-11.543,-12.157,-7.471,-6.257,-3.142,-0.597,-8.521,-6.051,1.096,1.869,-0.203,0.705,3.369,-2.621,-2.026,,,,,,,,
,,,,,,,-3.887,-5.169,-13.679,-12.84,-13.949,-11.436,-12.269,-4.588,-3.272,-2.323,-4.111,-2.953,0.964,1.533,2.73,1.271,3.918,-2.401,-2.411,,,,,,,,
,,,,,,,-10.342,-11.335,-14.602,-15.081,-20.705,-17.562,-12.694,-7.859,-0.537,-2.964,-8.023,-5.465,-3.752,-1.8,1.932,4.239,-1.497,-2.404,-6.329,,,,,,,,
,,,,,,,-8.752,-8.57,-9.903,-14.601,-14.901,-9.2,-6.403,0.952,0.332,-5.772,-10.695,-6.755,-5.989,-5.653,-4.076,-2.929,-2.763,-4.829,-5.752,,,,,,,,
,,,,,,,-10.413,-8.694,-12.711,-17.279,-8.734,-6.771,0.289,4.623,0.976,-11.027,-14.255,-12.873,-12.908,-11.477,-9.529,-9.382,-9.561,-10.59,-4.848,,,,,,,,
,,,,,,,,-7.376,-8.781,-11.627,-4.689,1.068,3.8,5.491,-9.188,-16.673,-18.305,-19.435,-17.941,-17.623,-16.232,-14.838,-19.041,-14.002,-16.87,,,,,,,,
,,,,,,,,-7.067,-6.342,-5.504,-2.123,0.034,1.951,-8.304,-9.393,-8.395,-18.438,-18.921,-15.791,-18.45,-14.413,-14.793,-19.387,-13.898,-16.849,,,,,,,,
,,,,,,,,-5.097,-6.252,-0.769,-3.155,-1.774,-5.768,-12.052,-10.647,-35.875,-21.766,-22.178,-18.341,-15.663,-18.074,-19.446,-16.376,-22.319,-23.711,,,,,,,,
,,,,,,,,-5.002,-5.806,0.38,1.309,-5.515,-10.007,-10.546,-15.877,-21.562,-20.876,-17.714,-15.788,-14.87,-16.609,-20.742,-20.18,-20.116,-18.355,,,,,,,,
,,,,,,,,-2.505,-6.932,-4.431,-1.844,-3.635,-10.432,-10.966,-18.411,-19.378,-19.784,-16.484,-12.962,-14.621,-14.982,-18.292,-19.044,-16.445,-14.28,,,,,,,,
,,,,,,,,-2.209,-6.483,-3.476,-4.766,-4.446,-11.538,-12.166,-23.918,-22.466,-20.701,-12.675,-17.772,-20.61,-17.372,-15.95,-13.369,-15.807,-13.386,,,,,,,,
,,,,,,,,-0.298,-2.82,-5.936,-5.042,-9.451,-8.406,-14.676,-20.114,-20.586,-16.764,-13.057,-17.955,-16.645,-7.963,-10.94,-17.746,-15.993,-14.13,-16.029,,,,,,,
,,,,,,,,-3.824,-1.761,2.217,1.782,-2.485,-3.956,-8.136,-16.716,-15.129,-11.765,-11.827,-13.187,-11.363,-7.881,-16.337,-15.273,-15.381,-13.513,-13.759,,,,,,,
,,,,,,,,0.447,2.253,7.883,4.644,0.345,4.077,-0.11,-5.49,-7.525,-5.484,-8.843,-11.174,-8.083,-5.158,-9.502,-10.478,-12.447,-14.435,-17.229,,,,,,,
,,,,,,,,-0.331,-0.309,2.305,1.107,0.052,0.75,1.505,-7.418,-7.313,-4.115,-9.235,-8.545,-0.867,-1.683,-3.086,-6.697,-12.537,-12.476,-15.802,,,,,,,
,,,,,,,,-2.741,2.613,-5.025,-0.989,-1.646,-3.532,2.648,-6.387,-11.961,-6.773,-9.587,0.632,5.491,0.372,-6.253,-8.123,-12.592,-15.547,-21.04,,,,,,,
,,,,,,,,-4.231,-4.704,-7.499,-6.617,-2.668,-10.713,-11.013,-6.34,-12.905,-11.008,-5.033,6.475,9.018,3.61,-5.815,-10.997,-10.645,-14.613,-17.705,,,,,,,
,,,,,,,,-13.555,-8.382,-11.087,-8.833,-9.337,-8.482,-12.059,-11.052,-15.94,-5.543,1.926,7.54,4.289,-2.976,-6.452,-14.375,-14.924,-14.889,-20.388,,,,,,,
,,,,,,,,-16.855,-17.944,-18.961,-13.048,-8.769,-8.147,-14.365,-14.074,-15.382,-8.39,-9.331,-2.36,-3.078,-5.778,-9.308,-12.343,-16.183,-18.868,-20.631,,,,,,,
,,,,,,,,-13.708,-13.656,-13.419,-11.421,-9.656,-9.778,-14.583,-14.26,-7.559,-11.378,-11.495,-6.77,-9.165,-7.627,-11.693,-10.298,-12.906,-19.562,-18.302,,,,,,,
,,,,,,,,,-12.348,-11.026,-6.326,-6.629,-6.316,-6.385,-9.865,-11.769,-10.435,-13.306,-8.106,-15.449,-16.821,-20.119,-16.149,-21.466,-19.499,-16.253,,,,,,,
,,,,,,,,,-18.391,-11.792,-8.913,-8.048,-4.005,-3.708,-12.615,-14.733,-14.268,-16.051,-10.348,-18.692,-23.142,-26.103,-23.96,-23.812,-18.49,-20.46,,,,,,,
,,,,,,,,-18.792,-19.358,-15.29,-11.828,-8.566,-8.682,-16.291,-15.034,-16.722,-17.073,-20.703,-27.292,-27.09,-26.944,-27.977,-21.726,-26.438,-26.02,-24.164,-21.925,,,,,,
,,,,,,,,-19.916,-22.812,-16.165,-16.713,-17.59,-20.699,-23.217,-26.687,-26.422,-20.822,-24.302,-27.839,-26.89,-31.778,-23.052,-34.07,-34.679,-26.362,-19.232,-17.81,,,,,,
,,,,,,,,-20.485,-18.524,-19.211,-18.837,-19.374,-22.209,-20.088,-23.537,-26.226,-24.703,-26.238,-25.977,-22.233,-20.11,-21.384,-29.284,-23.12,-22.031,-20.902,-21.117,,,,,,
,,,,,,,,-21.437,-18.779,-20.832,-18.382,-16.574,-18.392,-23.186,-28.094,-27.953,-25.01,-22.904,-14.436,-16.565,-14.593,-20.887,-19.354,-20.75,-16.368,-12.891,-3.728,,,,,,
,,,,,,,,-10.056,-14.551,-15.619,-14.925,-13.528,-18.611,-21.41,-30.139,-26.19,-20.297,-14.383,-6.092,-8.82,-12.743,-16.448,-14.822,-13.988,-6.801,3.234,7.182,,,,,,
,,,,,,,,-1.233,-4.928,-5.328,-6.095,-11.55,-16.45,-21.176,-19.765,-8.92,-6.639,-10.783,-10.735,-10.846,-14.908,-16.679,-13.299,-7.835,3.041,12.444,15.604,,,,,,
,,,,,,,,5.895,6.323,9.803,9.715,-0.506,-6.515,-8.051,-1.546,-1.051,-2.525,-5.614,-9.757,-11.18,-17.972,-13.96,-9.79,1.482,9.274,11.587,18.696,,,,,,
,,,,,,,,19.101,17.875,16.556,16.876,12.449,9.334,7.276,7.514,-0.246,1.609,-4.307,-12.146,-17.381,-16.96,-12.491,-8.377,2.199,13.611,16.475,18.825,,,,,,
,,,,,,,,,19.738,15.634,12.254,13.154,9.438,8.863,8.616,2.032,3.783,-5.561,-10.637,-17.737,-10.86,-11.2,-8.281,4.21,8.865,8.659,11.875,,,,,,
,,,,,,,,,17.523,16.239,12.352,11.848,10.703,12.29,8.36,4.263,4.034,-5.313,-6.955,-8.347,-9.554,-8.384,-0.869,6.139,8.476,8.63,10.531,,,,,,
,,,,,,,,,5.495,10.216,8.861,3.71,9.737,10.253,4.53,0.902,0.42,-4.041,-6.066,-7.671,1.077,12.415,8.386,8.274,7.748,7.827,10.67,,,,,,
,,,,,,,,,7.215,6.392,9.667,5.195,10.622,11.464,1.225,1.398,1.253,-4.341,-2.222,-3.923,6.128,3.716,-4.37,4.214,12.133,13.308,14.945,,,,,,
,,,,,,,,,10.946,7.901,10.569,3.368,5.575,4.667,7.511,3.687,-0.585,-1.348,-2.719,-1.612,1.819,-5.564,-12.113,2.599,14.975,17.558,17.385,,,,,,
,,,,,,,,,12.576,10.277,9.859,4.965,8.647,9.425,2.523,1.132,4.222,-1.128,-1.809,0.342,3.506,2.019,6.226,5.945,14.23,16.672,16.071,12.509,,,,,
,,,,,,,,,15.29,12.807,9.858,14.649,15.452,16.953,8.555,6.453,0.013,-4.392,-3.397,-1.402,1.229,7.57,7.677,11.169,14.636,12.86,7.992,7.712,,,,,
,,,,,,,,,25.114,24.08,22.774,21.005,19.521,20.123,12.321,7.165,2.276,-0.72,-2.837,-2.313,1.099,7.705,6.605,10.582,14.254,10.351,6.972,8.543,,,,,
,,,,,,,,,,28.46,26.64,20.538,18.661,10.718,4.584,0.247,-2.532,-4.213,-3.022,-1.057,7.024,6.504,6.115,9.202,12.445,12.509,15.04,14.531,,,,,
,,,,,,,,,,26.811,17.684,14.789,7.853,-5.72,-6.776,-8.782,-7.832,-6.395,-5.228,-0.356,7.825,9.076,6.417,14.108,16.528,19.157,20.279,21.29,,,,,
,,,,,,,,,,16.76,15.907,6.941,-8.619,-9.709,-10.033,-8.425,-7.84,-5.741,-1.925,-1.458,3.477,14.709,12.498,14.088,19.355,22.717,21.902,28.742,,,,,
,,,,,,,,,,11.825,7.65,-5.397,-10.333,-14.515,-10.138,-10.386,-7.142,-4.929,4.317,2.537,9.244,16.187,14.457,15.823,21.482,25.173,30.093,33.524,,,,,
,,,,,,,,,,2.931,-3.769,-8.902,-13.996,-18.602,-11.24,-6.278,-4.224,4.981,11.248,7.653,10.127,15.07,10.548,11.934,18.783,22.234,34.702,39.978,,,,,
,,,,,,,,,,-5.452,-12.611,-12.324,-18.034,-16.367,-10.173,-7.659,-2.148,6.934,10.435,4.792,4.758,3.923,11.402,10.857,10.645,22.875,30.193,33.468,,,,,
,,,,,,,,,,-20.738,-20.569,-24.338,-21.296,-15.59,-8.494,-2.475,-2.092,7.628,8.293,5.718,4.143,5.583,6.711,3.958,9.431,23.79,28.849,32.761,,,,,
,,,,,,,,,,-21.838,-23.614,-27.026,-19.216,-15.819,-2.561,3.621,8.601,11.416,9.935,8.209,10.9,14.039,9.018,7.478,14.215,24.738,26.319,29.843,,,,,
,,,,,,,,,,-23.049,-21.026,-24.163,-13.923,-1.766,7.844,14.127,15.998,16.913,15.866,10.897,8.0,7.758,3.656,10.714,21.139,22.533,25.746,26.653,,,,,
,,,,,,,,,,-19.115,-17.963,-11.496,-0.996,8.201,17.536,15.504,20.08,17.522,16.644,9.29,7.316,-6.147,2.549,6.869,12.199,16.036,19.02,21.448,,,,,
,,,,,,,,,,-12.537,-8.58,4.121,10.081,18.262,22.959,25.006,26.577,21.93,17.861,11.807,6.515,-0.378,2.476,2.857,9.046,17.342,21.875,27.015,,,,,
,,,,,,,,,,-1.187,3.318,5.294,16.055,17.486,24.677,24.53,24.422,21.2,15.816,5.759,-2.996,-3.854,-3.461,3.062,16.013,21.368,22.043,23.973,,,,,
,,,,,,,,,,-6.983,-1.453,0.703,9.881,11.556,13.918,17.643,16.135,10.634,5.178,-0.869,-8.984,-9.628,-1.58,10.254,28.163,33.426,29.073,28.362,21.18,,,,
,,,,,,,,,,-10.079,-6.569,-2.533,-1.0,2.787,6.203,5.223,4.056,4.421,-0.027,-3.299,-7.678,-5.078,7.197,28.496,37.297,37.83,35.437,27.374,17.846,,,,
,,,,,,,,,,-14.882,-10.19,-6.827,-1.563,-0.612,-1.189,-1.902,0.352,3.277,0.317,-0.981,-3.501,7.504,26.525,34.811,36.878,33.044,29.356,19.286,16.113,,,,
,,,,,,,,,,-17.627,-15.541,-11.049,-7.687,-2.633,-1.827,-1.649,-0.644,3.557,1.214,1.981,3.507,14.783,24.558,31.678,27.269,25.753,20.829,13.087,1.997,,,,
,,,,,,,,,,-19.105,-14.466,-6.442,-7.705,-5.592,-4.683,-2.444,1.735,0.712,-3.217,0.453,8.444,15.122,21.141,17.903,14.648,11.684,9.012,2.168,-0.491,,,,
,,,,,,,,,,-13.218,-6.814,-3.118,-7.246,-5.067,-4.309,-3.842,-1.377,-0.37,-6.215,-4.899,3.363,9.757,7.263,5.88,9.773,5.598,2.663,-1.641,0.775,,,,
,,,,,,,,,,-2.802,0.724,2.349,-3.575,-3.282,-3.178,-4.247,-2.647,-2.586,-9.736,-4.196,2.027,5.032,4.371,3.824,1.552,1.955,1.866,-3.849,0.043,,,,
,,,,,,,,,,-1.922,-0.5,2.504,-2.907,-5.758,1.773,0.913,0.675,0.303,-4.659,-3.168,1.323,4.258,10.065,5.254,3.977,4.157,2.153,-0.879,-1.094,,,,
,,,,,,,,,,9.294,11.219,3.194,-2.499,-4.196,-0.43,2.525,4.353,1.523,-1.492,0.113,2.514,3.226,9.346,5.851,8.484,3.568,0.67,-1.043,0.48,,,,
,,,,,,,,,,13.043,15.639,1.026,-2.849,0.193,0.532,0.212,-1.417,-3.881,-0.137,-2.348,0.516,4.126,4.933,2.741,4.203,3.264,1.433,-0.712,0.517,,,,
,,,,,,,,,,,9.404,-0.552,-1.553,3.77,2.644,2.472,0.883,0.375,0.446,-2.363,0.249,3.982,9.845,8.105,0.915,0.533,-0.888,1.396,1.587,,,,
,,,,,,,,,,,4.724,1.748,7.541,8.122,5.329,4.565,2.506,2.742,7.288,9.154,8.21,7.158,8.004,3.056,5.662,6.129,-0.52,0.255,-0.788,,,,
,,,,,,,,,,,-1.399,4.349,8.56,6.557,7.032,8.775,8.383,4.688,3.996,11.434,9.33,6.524,7.524,0.198,2.66,3.427,3.374,3.424,1.637,4.906,,,
,,,,,,,,,,,-0.454,1.894,-5.93,-4.304,-0.715,1.997,2.704,5.66,7.772,3.28,1.469,-0.095,0.873,-1.884,-1.486,-2.918,-0.837,3.956,5.344,2.305,,,
,,,,,,,,,,,-2.069,-9.89,-8.809,-8.135,-8.712,-5.518,-3.775,1.288,1.863,5.771,3.466,4.549,4.259,0.334,1.094,1.026,-1.064,-0.316,-3.253,-1.248,,,
,,,,,,,,,,,-10.369,-12.17,-13.523,-16.022,-21.37,-12.914,-11.811,-2.27,6.612,8.746,10.746,11.769,6.869,1.99,4.894,1.673,-0.66,0.369,-3.852,-7.423,,,
,,,,,,,,,,,-16.81,-13.661,-14.536,-18.769,-17.905,-14.3,-17.292,-4.117,4.824,10.217,7.603,9.817,12.525,10.265,5.08,4.166,2.715,-1.373,-3.879,-3.13,,,
,,,,,,,,,,,-12.421,-15.333,-16.632,-16.472,-11.364,-11.222,-6.386,5.811,12.164,11.323,10.484,10.745,10.929,8.517,3.491,-0.704,0.2,2.574,5.18,4.037,,,
,,,,,,,,,,,-0.301,0.754,-1.265,-0.622,2.243,9.068,12.249,16.165,19.54,18.233,13.475,13.121,8.014,0.139,0.68,-0.066,-0.175,6.537,10.303,2.926,,,
,,,,,,,,,,,9.06,9.546,11.711,12.57,16.864,22.515,25.303,26.096,26.733,22.297,10.271,6.248,-1.001,-0.579,-1.987,-1.819,0.426,3.994,8.371,6.534,,,
,,,,,,,,,,,7.419,7.252,14.471,18.275,20.19,22.41,17.654,23.31,25.099,21.34,10.68,9.921,-2.819,-4.79,-4.868,-0.879,-0.071,3.629,1.797,3.906,,,
,,,,,,,,,,,9.02,8.94,9.754,13.93,16.752,10.258,13.507,21.217,20.563,17.756,13.439,2.616,-5.956,-3.292,-2.655,-2.501,-0.388,5.447,5.978,1.71,,,
,,,,,,,,,,,11.314,9.431,8.984,7.324,6.859,11.578,18.845,25.273,25.146,18.592,12.583,-1.526,-0.995,-1.021,-3.432,-6.214,-1.322,0.383,1.027,-9.578,,,
,,,,,,,,,,,14.878,13.919,11.664,6.825,3.858,6.542,11.99,16.793,20.636,12.537,2.594,-6.295,-3.994,-4.799,-5.07,-4.642,3.883,3.414,1.695,-3.483,,,
,,,,,,,,,,,,11.338,10.736,5.123,4.258,4.828,6.071,7.657,6.442,-0.172,-2.981,-4.523,-3.482,-3.398,-5.263,3.255,7.836,4.826,4.744,5.092,,,
,,,,,,,,,,,,-0.218,0.767,2.55,3.316,5.396,4.965,4.405,0.772,-8.195,-7.811,-5.218,-4.823,-8.571,-5.726,2.328,4.413,10.045,11.728,6.548,5.019,,
,,,,,,,,,,,,-5.799,-5.202,-7.763,-1.099,6.058,3.644,3.032,-2.251,-5.836,-6.979,-5.203,-13.862,-8.243,-5.342,0.331,2.413,3.183,-2.006,0.153,3.673,,
,,,,,,,,,,,,-10.327,-9.432,-5.541,-0.373,3.132,2.665,0.597,0.166,-1.149,-3.901,-8.316,-9.548,-5.951,1.92,3.585,8.363,8.936,1.316,3.075,4.622,,
,,,,,,,,,,,,-10.111,-7.584,-7.803,-5.657,-3.247,-3.835,-1.747,-7.916,-4.274,-4.838,-5.923,-5.365,2.926,1.408,2.419,9.631,9.172,3.709,8.996,5.062,,
,,,,,,,,,,,,-10.502,-11.865,-6.486,-4.167,-3.426,-5.248,-1.502,-2.286,-3.498,-0.324,-0.364,0.34,2.336,0.747,1.42,6.292,0.984,4.702,4.658,7.619,,
,,,,,,,,,,,,-8.964,-8.218,-4.927,-6.966,-7.93,-5.561,0.986,-2.305,-2.68,3.556,1.221,-1.376,3.661,-0.762,-5.758,-2.849,-6.704,3.636,6.146,3.131,,
,,,,,,,,,,,,-7.663,-3.23,-6.486,-6.643,-8.286,-6.14,-2.827,0.225,1.672,3.198,-1.962,-2.248,2.175,-9.037,-8.886,-7.617,-3.347,2.962,4.795,2.625,,
,,,,,,,,,,,,-2.847,-1.335,-4.228,-7.374,-7.007,-6.198,-2.784,-0.881,-10.91,-0.23,-1.622,-3.88,-7.791,-9.789,-9.093,-4.005,-2.334,1.226,1.973,6.706,,
,,,,,,,,,,,,-4.16,-0.148,0.969,-3.154,-5.317,-5.013,-3.586,-7.626,-9.653,-2.964,-2.712,-8.521,-9.002,-10.494,-9.378,-5.131,-2.389,0.847,2.95,8.126,,
,,,,,,,,,,,,-0.822,-1.592,2.368,-3.696,-0.817,-0.773,0.253,-2.569,-2.799,4.927,-4.395,-5.924,-2.932,-6.017,2.786,5.253,8.02,11.705,13.591,13.164,,
,,,,,,,,,,,,,2.956,4.238,2.419,3.078,5.017,8.71,7.82,7.227,3.187,-0.633,1.306,3.312,6.343,10.704,12.106,16.528,18.662,25.124,22.284,,
,,,,,,,,,,,,,5.163,6.403,3.018,5.553,7.857,10.585,12.17,11.031,8.812,9.273,8.085,10.428,14.903,19.404,20.578,23.306,26.054,25.126,27.311,,
,,,,,,,,,,,,,-0.04,-1.676,-3.691,2.334,7.463,10.606,13.877,12.672,12.627,14.11,13.733,14.882,14.582,20.215,23.318,27.954,29.342,30.533,30.79,,
,,,,,,,,,,,,,4.23,5.071,5.348,7.066,8.905,10.866,12.33,12.331,13.863,13.873,14.841,16.889,21.812,25.309,28.396,28.825,31.406,32.026,34.102,32.214,
,,,,,,,,,,,,,12.705,10.442,13.325,10.856,11.467,13.213,14.414,14.882,18.244,17.032,15.719,22.372,24.862,29.721,33.572,32.725,32.106,35.136,36.899,33.369,
,,,,,,,,,,,,,12.517,9.723,13.292,15.381,14.541,18.752,20.238,21.652,20.941,20.781,19.871,21.935,27.736,33.647,34.55,33.15,36.978,39.155,35.519,25.676,
,,,,,,,,,,,,,16.263,16.123,12.872,13.943,17.55,21.108,19.869,20.466,21.334,16.132,22.32,20.579,26.604,33.454,33.787,34.584,36.161,35.515,29.856,21.464,
,,,,,,,,,,,,,12.534,12.076,12.516,14.61,16.563,18.755,15.588,18.422,21.197,15.805,18.48,22.539,28.963,32.383,34.755,34.0,35.323,30.803,23.264,19.504,
,,,,,,,,,,,,,17.015,15.442,16.191,18.773,20.706,20.921,24.356,21.601,26.297,18.883,22.491,25.951,25.166,30.131,29.963,27.544,28.053,27.059,21.805,17.364,
,,,,,,,,,,,,,14.33,14.898,19.944,21.663,25.362,26.8,24.628,24.553,20.949,20.565,27.383,24.894,24.107,26.33,26.328,26.481,28.106,21.647,19.512,19.781,
,,,,,,,,,,,,,,18.542,23.056,25.001,25.973,28.67,24.999,25.466,24.722,22.858,22.842,19.956,22.326,25.94,27.651,25.883,25.993,21.797,13.355,13.504,
,,,,,,,,,,,,,,21.111,24.874,24.236,25.715,26.54,22.849,23.272,19.276,16.988,22.774,24.613,25.944,25.12,23.308,21.327,21.911,18.201,12.549,11.968,
,,,,,,,,,,,,,,26.327,28.667,29.232,29.416,26.664,22.174,19.292,15.977,19.966,25.919,30.185,28.834,29.476,24.02,21.707,17.785,15.187,11.633,9.657,
,,,,,,,,,,,,,,28.36,32.122,32.689,31.907,25.865,21.216,19.207,20.384,23.311,23.479,31.331,30.34,27.014,23.487,22.718,14.967,10.207,10.814,9.644,
,,,,,,,,,,,,,,26.008,31.811,31.695,27.172,20.338,18.011,18.052,23.102,29.235,26.647,29.967,29.472,27.511,21.542,17.216,11.652,9.72,10.179,8.174,
,,,,,,,,,,,,,,24.477,26.623,28.354,24.592,20.583,8.58,15.533,20.033,21.893,25.233,25.832,23.045,15.423,10.664,5.494,13.509,7.0,8.317,7.799,
,,,,,,,,,,,,,,20.523,20.407,20.821,17.427,9.554,8.689,13.306,17.698,18.481,20.053,19.186,13.435,12.198,6.385,3.301,3.61,6.062,7.052,9.429,
,,,,,,,,,,,,,,,15.946,13.76,14.793,7.323,5.121,6.932,7.874,11.518,9.791,9.476,5.592,3.716,2.157,2.449,3.865,2.791,4.558,6.698,
,,,,,,,,,,,,,,,7.179,8.341,4.479,4.778,7.352,7.521,5.223,5.761,4.649,4.668,5.176,2.966,-2.54,1.261,0.869,3.512,2.638,-3.858,-13.507
,,,,,,,,,,,,,,,4.837,4.607,5.672,4.126,2.722,6.511,4.721,4.0,3.033,3.967,3.441,-0.788,-0.086,2.283,2.303,-4.338,-6.049,-12.754,-18.42
,,,,,,,,,,,,,,,3.473,3.193,5.39,2.944,2.815,1.554,1.992,5.23,1.444,1.856,3.352,-0.458,2.005,-0.2,-7.164,-6.139,-7.406,-12.299,-11.53
,,,,,,,,,,,,,,,-0.12,0.422,0.516,2.141,2.966,-0.948,1.805,4.762,3.408,3.835,3.282,1.88,1.77,-1.414,-6.357,0.059,2.352,9.133,10.741
,,,,,,,,,,,,,,,-3.144,-2.01,0.137,1.397,-2.129,-0.249,3.787,0.528,-0.139,1.966,5.335,5.274,1.521,1.731,2.318,7.115,7.696,7.247,6.45
,,,,,,,,,,,,,,,1.793,1.23,1.901,1.752,2.583,1.249,2.621,0.67,3.03,2.882,5.028,2.286,2.185,10.529,9.702,3.653,3.554,8.701,16.039
,,,,,,,,,,,,,,,6.721,4.442,3.126,4.03,5.777,2.758,2.787,4.331,-0.477,3.573,-1.479,-2.48,-2.272,5.778,3.01,3.928,13.477,18.608,14.208
,,,,,,,,,,,,,,,6.172,8.844,9.082,8.092,3.877,0.991,-0.754,1.108,-0.794,-4.067,-5.441,-7.439,-8.035,1.052,3.874,11.374,17.686,20.443,18.854
,,,,,,,,,,,,,,,5.385,6.495,5.674,1.948,-4.4,-7.366,-6.585,0.216,-10.803,-15.623,-15.993,-12.884,-12.63,-2.705,5.525,11.705,14.235,19.228,17.803
