lat,lon,diam_km,area_px
12.96051173631934,356.08670703710646,3.858888360703536,3335
12.980731983153078,358.3751819883527,1.638141947378618,601
12.954906071574225,358.9086555617863,1.654415280118958,613
12.936562724497126,358.7277074353448,1.2465333932794118,348
12.908481297348485,357.13410274621214,1.2138674481038554,330
12.878379729856928,353.862840032003,1.721861973632679,664
12.86683684242278,357.2304008807915,2.1507710048869138,1036
12.87543215696839,357.8693538972701,1.2465333932794118,348
12.827362595942983,356.2362167626097,1.0089780509326736,228
12.823244575183374,357.1023456601467,1.3513752145450026,409
12.702453509656197,356.8256330247241,3.9723505588744805,3534
12.744364175451807,357.5193155434237,1.4911762109763114,498
12.742749357876713,353.1814600278253,1.1418412310922141,292
12.727785484813085,354.7671144859813,1.5455789217792077,535
12.721105238970589,357.3816500865052,1.6064906953915192,578
12.701294860382308,356.4737777595577,1.725747338423167,667
12.671482108317214,358.9574896236299,2.631601917722546,1551
12.65403218920765,357.42746328551914,2.021272383645511,915
12.654934707125603,356.5944538798309,2.1497327373849973,1035
12.633610133830022,358.14029301186537,1.4222089138714373,453
12.617652209051725,357.5465449892241,1.1379240969709872,290
12.582804987980769,358.3264723557692,1.07745953619755,260
12.553396939528024,357.55322409660766,1.2303088397079105,339
12.519406893726591,357.4387216175094,1.0918674668133272,267
12.485420227050781,354.94496154785156,1.0691392608229981,256
12.471952145376175,355.9755032817398,1.6878141932771868,638
12.464100455465587,354.05235482034414,1.8189610492277353,741
12.420465198863637,353.01774857954547,1.567096137003176,550
12.42502170138889,354.46536741394925,1.3596103621530387,414
12.413715731070496,354.21656739556136,1.3077167373985268,383
12.407386487369338,358.9638025370209,1.132022981495878,287
12.357389951708766,356.6402825501486,1.7334919427962405,673
12.385894465042373,358.5243412341102,1.62308140082659,590
12.361115056818182,358.6319404987374,1.486677931614393,495
12.35662335980663,358.69350505006906,1.2713601088776183,362
12.320132268126176,356.2593475360954,2.6669948876994227,1593
12.329119318181817,357.52242542613635,1.7166678080316915,660
12.31061561853002,358.4724945005176,1.468547034663708,483
12.22623170771016,355.2320495825812,6.579428958891719,9695
12.272440032492355,357.44102995986236,1.2083372715155922,327
12.209175274970274,353.4720561459572,4.333085867113059,4205
12.233173593213058,356.3388973904639,1.139884346653076,291
12.18509582958633,357.3307673392536,3.5231950998171504,2780
12.217427884615384,357.74991736778844,1.07745953619755,260
12.176306330849268,354.2432266767435,1.9923478972492985,889
12.153410084432455,353.16785790117905,2.3634311223555913,1251
12.164594700727513,357.639576099537,1.8372793466889463,756
12.125539917671613,356.62922875115953,1.551346027344664,539
12.103572401889535,357.847596634266,1.7527037441911235,688
12.094810151356993,358.94014630088725,1.4624534522198227,479
12.09133689990942,353.72973986639494,1.1101172120918636,276
12.064363859689214,355.97576982404024,1.5628163944551698,547
12.067105355145413,354.0809738534676,1.4127589161037115,447
12.044435140575501,356.32574082629355,2.0563133014614166,947
12.047820761827458,353.59293831168833,1.551346027344664,539
11.973790922619047,355.81500651041665,1.3694271709509624,420
11.933646537162161,358.36693940033786,1.2853315185838614,370
11.920028577790974,356.83782103622326,1.3710564721470193,421
11.87538320806962,357.16374109968353,1.187839701172486,316
11.85032831671779,354.2587051859663,1.2064882462984352,326
11.844588438275434,357.4570603287841,1.3414263046555006,403
11.832962740384616,358.1764623397436,1.3196130410899098,390
11.813175560579783,357.2692447658573,2.12255952495342,1009
11.808724160520185,358.768169521545,1.6957320515614371,644
11.801243439885496,357.9113191793893,1.0815956724663733,262
11.75317851712548,353.39298075384124,1.8674105680611837,781
11.75954807394802,354.7134514232673,1.3430895741160322,404
11.734427787162161,356.5519557643581,1.6258300588512173,592
11.687744618395303,356.8430034042727,2.616286936550818,1533
11.719769716653028,358.3062250664894,1.651714192145888,611
11.683178857715431,358.92901427855713,1.4926726250116404,499
11.669482421875,356.9592982700893,1.1181326029109893,280
11.630942266246684,356.6747813743369,2.594866181988896,1508
11.642907511876485,358.51788895486936,1.3710564721470193,421
11.6312759907045,357.97448706580235,1.5105139670949161,511
11.623577492774567,354.38518899024564,1.2429462393867798,346
11.546907580662863,358.0429447431958,2.2551537559647703,1139
11.542475218413978,358.7543577788978,1.578452054650398,558
11.486061030982906,358.5529513888889,1.0221678663158689,234
11.45728204036965,355.5792421571012,1.0712253881936424,257
11.43804931640625,356.841697291324,1.6476542576352977,608
11.43406690140845,357.73548085387324,1.2590079481492549,355
11.432884579613095,358.90435500372024,1.224852897792631,336
11.389839194606413,358.44117658224,2.1434925711371045,1029
11.40883118872549,358.20886948529414,1.0670490549902913,255
11.375510416666668,353.4670625,2.2412513105757204,1125
11.35426408531022,358.6491645757299,1.1060877352306486,274
11.340879617914979,354.05621362601215,1.050177651417077,247
11.316824202674898,357.9152922453704,1.8041725026388094,729
11.310920692692878,357.5751837212537,1.734779348798272,674
11.29857490369288,358.52409338469715,2.0497887584095857,941
11.314280225409837,353.9111744364754,1.1669821548032924,305
11.263215819868002,358.82718799783794,3.132054595726053,2197
11.252833724710982,357.02169135356456,1.5222920321044207,519
11.2448828125,355.5223046875,1.1573772000700415,300
11.238698358050847,353.68751324152544,1.1476918649422425,295
11.154240871415771,357.36461133512546,1.1161341516211354,279
11.11245416135204,355.62754304846936,2.091834556537339,980
11.110618330792683,357.25256288109756,1.3530262539078923,410
11.081000313195991,354.65424902561244,1.4159159232050047,449
11.081797087874659,355.0886463300409,1.2801101096517737,367
11.0322064686214,356.9741552533436,1.4731006798084065,486
10.959111379613358,358.63818101933214,1.5939343445958705,569
10.954973147984441,354.34492961014854,1.7767405007973376,707
10.92863290168379,354.16923070062785,1.9777270264287108,876
10.914494730029585,357.9685465976331,1.9424178024989573,845
10.882316782994923,357.0877047311231,1.875760577112363,788
10.832794951123129,357.8235590422213,1.638141947378618,601
10.810105846774194,357.91382381164703,2.6828526093110012,1612
10.801235888035382,358.89665168179704,1.548465159441156,537
10.796858723958334,358.78376736111113,1.267843200041063,360
10.762227693485524,358.18642121380844,1.4159159232050047,449
10.732897354868914,357.74432350187266,1.0918674668133272,267
10.71621365017361,355.23740867332174,1.38885264008405,432
10.678092956542969,353.6427505493164,2.3906680646141023,1280
10.672084173387097,357.12563508064517,1.8602235860352252,775
10.636323474702381,357.2706589471726,1.224852897792631,336
10.616657239819006,354.9106924019608,1.7205649022820242,663
10.599250351123596,357.7028976474719,3.1519498794203464,2225
10.618839579417294,355.56313880404133,1.5412394309826616,532
10.598028442604356,355.63717069816244,2.218222430635733,1102
10.606570326994435,355.10986781076065,1.551346027344664,539
10.595574430717054,357.1375401223353,1.517885967777615,516
10.596635298295455,357.61288174715907,1.0857160518537674,264
10.551791799593968,355.0476770954176,1.3872442404245053,431
10.550095419847327,356.9475563573473,1.0815956724663733,262
10.532266219860407,357.4292810120558,1.3263630239585438,394
10.464338064287112,354.79918309953973,3.3762896909757547,2553
10.485915907663315,354.55932003768845,1.333078829039883,398
10.476150438262195,356.82862280868903,1.9134680785234044,820
10.48310546875,358.9173193359375,1.3364240760287476,400
10.419098469041149,356.9323283130338,3.3914641031228743,2576
10.419338640294974,357.68205600191186,2.475993863072109,1373
10.406170172002724,354.91113015156674,1.8103490784004477,734
10.329276842948719,358.19954904036933,2.7044019724333053,1638
10.296986459024552,357.45265583526873,2.594005672536619,1507
10.315358047779924,357.05855604488414,1.520824762334942,518
10.31875291511194,358.6431830107276,1.0939102515118986,268
10.29890918354743,357.6787456768775,1.5031058107802837,506
10.213784971765914,357.1261777571013,2.5541088579753977,1461
10.222364679192228,356.2180949642127,1.4776402920482405,489
10.221538342927632,357.90004368832234,1.165067498624806,304
10.211507686491935,357.6135206653226,1.6638345566892767,620
10.162227050422484,357.78568004913666,2.465150042216714,1361
10.194555617911153,358.56032534853495,1.53688768743306,529
10.185939697609001,356.4988792194093,1.781759551758729,711
10.189836516203703,355.65693721064815,1.0979844192509165,270
10.146463418723176,353.56449084629827,1.442471541245277,466
10.13344118830472,355.552021861588,1.442471541245277,466
10.140030082614942,357.0386752424569,1.2465333932794118,348
10.120496026400861,355.33431270204744,1.017790253624876,232
10.109745489690722,353.5192775451031,1.471584363729962,485
10.079442223837209,357.20044513081393,1.9099646247236175,817
10.080957749310661,353.6474250344669,1.5585248996873413,544
10.042247524568195,354.84336379541395,2.738039085345122,1679
10.046628760744985,358.188580094914,1.2483231047441834,349
10.04316552005597,355.07333692863807,1.0939102515118986,268
10.023367267765412,355.2218535958904,1.6148073550874007,584
10.017952696917808,357.66245719178085,1.3984641917236478,438
9.98421875,353.5900275735294,1.3775544065212535,425
9.93738297391529,353.285801911157,1.4700664836316226,484
9.917960738822806,357.5434013535685,2.3330075707635127,1219
9.91939649640657,355.5670479337782,1.4746154366917033,487
9.92404197080292,355.3507926551095,1.1060877352306486,274
9.892919475204621,357.3020704817646,3.045317257251188,2077
9.894810267857142,358.9148333459443,1.3579673278825395,413
9.859122044250393,355.31283880739795,2.3850583547370277,1274
9.8353828125,358.5581484375,1.0565360000342192,250
9.76979501607717,354.3689208199357,1.1784047646263889,311
9.765562855113636,354.42626953125,1.7166678080316915,660
9.7146987435751,355.93913187999715,3.9543250521057636,3502
9.739510395055325,354.1233710451245,1.7967325843355615,723
9.670694737346626,358.84522982170245,1.2064882462984352,326
9.657012996495327,354.54015405957944,1.5455789217792077,535
9.65728317481884,357.59282061443236,1.3596103621530387,414
9.651358468191965,358.0167803083147,1.4143383005165373,448
9.623526436941965,358.5487060546875,1.0000882031871008,224
9.583353701117318,355.5475962377793,2.8270976577891824,1790
9.53930944683908,354.0373114224138,2.5697944231753067,1479
9.575986051366396,353.96838626012146,1.485175477535155,494
9.574676127373419,357.51681170886076,1.187839701172486,316
9.566607566681736,354.8532189477848,1.571364223355838,553
9.548900036818852,358.92190951767304,1.741202100677668,679
9.543929303278688,356.34909416915053,1.730914258183963,671
9.51962149339934,358.6311172132838,1.1631496907425067,303
9.486205651815181,355.55337897070956,1.1631496907425067,303
9.488357843137255,355.8721149918301,1.1688936747655059,306
9.465861063245157,356.16046333597245,2.4478824192287254,1342
9.4849684910221,354.31622820269337,1.2713601088776183,362
9.470703125,356.3561484719163,1.006762948258637,227
9.449426632116337,355.73427105894183,1.8994154911967969,808
9.43418676831571,356.2816777992825,1.7192668523784427,662
9.388826884920634,354.5136966765873,1.1859587186761886,315
9.378141157238442,355.25089973641525,2.3463664145065866,1233
9.374881196776155,354.62367890815085,1.3546752810328746,411
9.366607862903226,356.36556619623656,1.4409229937873336,465
9.362318678366762,355.78372358524354,1.2483231047441834,349
9.339901431576237,355.9451179923592,2.5497346316824863,1456
9.340146683673469,358.0455782312925,1.811581866475491,735
9.342482958569406,357.9126709675991,1.775483521155885,706
9.325004431173648,355.5817244764398,2.262072937812643,1146
9.310267202171362,354.1551152618838,1.9504467263699339,852
9.309696903935185,355.2693805459105,1.202781668425873,324
9.293680174957842,357.7188883326307,1.6272026467350726,593
9.263679343929255,358.1591236705306,2.161126245326033,1046
9.269467954282408,356.26794207537614,1.9641342397445423,864
9.255070290114613,356.0430974659742,1.2483231047441834,349
9.232383071192054,357.8260899558499,1.4222089138714373,453
9.226570811170212,355.0191323138298,1.4486491778247823,470
9.214249320652174,354.0988916768934,1.7842637828635126,713
9.216640326812977,354.3091677600191,1.0815956724663733,262
9.210029761904762,355.33005580357144,1.5310661222407886,525
9.216876594387756,356.3765602223032,1.2375460129519702,343
9.165180893059759,355.61446612613463,2.429573393174121,1322
9.16618136015013,358.23731998612925,1.8493907457712917,766
9.173095034246575,353.0947131849315,1.2766173061171187,365
9.139279087083963,353.26529849423224,2.429573393174121,1322
9.122476438492063,358.68926711309524,1.6771989043664843,630
9.145197382036423,355.3340425807119,1.1612287155409633,302
9.138632347470239,356.76962193080357,1.93666247784107,840
9.012033218556482,355.416023966341,4.572738584088001,4683
9.054059280827182,358.35050065344404,2.6944775280509337,1626
9.076989599021084,353.15370270143075,1.2175402778229196,332
8.992289346822378,357.5302676025258,2.8670890993877776,1841
9.054466943027212,353.3878454506803,1.811581866475491,735
9.038966106051703,357.6381531837544,1.9493017619470103,851
9.037558663587603,355.6001704037545,1.9355093592643875,839
9.041739710365853,356.21133288871954,1.3530262539078923,410
9.00217626057828,355.71778858868123,1.7792517960447645,709
9.001337085573477,358.8975344422043,1.1161341516211354,279
8.95344807330827,353.1728463178034,2.0388681225934104,931
8.971873127995208,355.30287477535944,1.6718659849695614,626
8.979225612331081,355.86117768158783,1.8177332657269025,740
8.984821188038794,356.3292194234914,1.017790253624876,232
8.943180338541666,354.0782877604167,1.4639792256678883,480
8.936710583623693,354.961897049216,1.600922253349498,574
8.88804569352552,353.33311820652176,3.4365853428827715,2645
8.909964385072909,355.8059376199156,2.4120510940997124,1303
8.926739660780669,353.9013635571561,1.0959492285869354,269
8.894692131754983,355.46959847193074,2.91726407218544,1906
8.9025657665938,355.6510551222178,2.370034215588738,1258
8.861503145292208,356.8166624391234,1.854213154859599,770
8.827946142399266,358.92720853365387,1.561387206781324,546
8.840242856002554,353.147813896871,1.8698000899191172,783
8.844069602272727,356.1919270833333,1.2138674481038554,330
8.793454582497493,355.54741764355566,2.983849211217219,1994
8.836290795648464,353.88975175981227,1.143794767560884,293
8.734563119688385,357.0043488845609,1.2554564376942956,353
8.778349830761965,354.1030064349811,1.8828882553974744,794
8.710770243439226,353.012997453384,1.2713601088776183,362
8.71374559216926,354.5306154243677,1.5149414723418329,514
8.693863917641764,354.61332344171916,2.2272620885905545,1111
8.706988636363636,358.2523792613636,1.1081043052461887,275
8.675319111614854,354.7923683074266,1.6078797926639292,579
8.67578599059466,358.4082647527306,1.356322303259432,412
8.667035678137651,353.1106744475371,1.8189610492277353,741
8.647442649812735,357.97496293695383,1.8911699276522078,801
8.64363003060089,354.91265416357567,1.734779348798272,674
8.629489491844417,358.55884616138644,1.886441995436426,797
8.609519020860285,355.6342375485123,1.8578217469625034,773
8.611356707317073,358.65743140243904,1.6571119653318651,615
8.519767290431158,353.88493279421783,5.278029194515268,6239
8.586865477300995,355.9834567397388,1.3397609703018813,402
8.580212466931217,354.8595455109127,1.2991526849777437,378
8.5415480280497,356.2287077999498,2.9823524219526227,1992
8.54574961958972,355.3867205111587,2.225256449202611,1109
8.55029296875,356.5933578953599,1.0857160518537674,264
8.534610523897058,358.2357906053046,1.4578665508465642,476
8.5173793336514,357.7488420403944,1.3246787527725277,393
8.485146103896103,353.11670556006493,1.3111266955665246,385
8.460704045664983,355.22356376262627,1.6285740777806514,594
8.484352289244185,355.61010174418607,1.0733074608834567,258
8.463047333659492,356.0638377568493,1.5105139670949161,511
8.432521516866913,354.8951558167745,2.1980012025078683,1082
8.433732184129429,358.3787617969954,1.7023021344873321,649
8.38610210615335,356.87693802351805,1.861423343390543,776
8.378743141059957,355.47138692786405,2.04215044528066,934
8.352424428863298,355.2159349461367,1.7334919427962405,673
8.343823661952301,355.5868821062119,2.837345082869589,1803
8.24376778129508,354.3129692634036,5.278029194515268,6239
8.344356753117914,357.43489140447844,1.403245279830185,441
8.324099757090337,358.9493705685399,1.4578665508465642,476
8.278234552053824,353.11211380134563,1.2554564376942956,353
8.263173969283837,354.83410500164257,1.8433449932546886,761
8.241866055456171,357.35890156809035,2.2342676482944186,1118
8.25277733375959,354.7344699088875,1.3213037695745946,391
8.245688100961537,355.3031700721154,1.07745953619755,260
8.239113329991088,358.9587615586007,1.582689517455171,561
8.244498495729815,353.1947605298913,1.1990636327344684,322
8.187985513663968,355.6389992408907,2.3482686170196625,1235
8.215587797619047,358.2724343643707,1.1457449731843161,294
8.16723829172252,354.85851101709113,2.581063604406149,1492
8.189292042525773,353.0721367590206,1.471584363729962,485
8.177151476308346,353.30684781647807,1.7767405007973376,707
8.176297267173052,356.3543928541942,1.838494076968222,757
8.177734375,357.19227280112653,1.605100395957229,577
8.16587138223553,356.95719888348304,1.4956609615865784,501
8.159252025462962,357.02250916280866,1.7009901480616085,648
8.154931464350181,354.70074528993683,1.5727843449501173,554
8.154033627717391,356.2764039855073,1.7552494299832513,690
8.133295984774067,354.3713028763507,2.132004830310604,1018
8.146950991894197,355.8198925447952,1.143794767560884,293
8.127522786458332,356.59817597360325,2.171432103707535,1056
8.129340277777779,356.2180266203704,1.4315965333711216,459
8.12805411438224,357.11817160352314,1.520824762334942,518
8.097027972027972,355.02493990384613,1.9573024477765393,858
8.071025762432011,358.81153481934734,2.39719613467652,1287
8.037713989059966,353.3083373429903,1.6598042692441128,617
8.026342378752886,353.9642348080254,1.9664062292140496,866
8.01713148013566,353.4507100896318,1.0733074608834567,258
