rank,lon,lat,diam_km,area_px,verdict,note
1,355.60326,9.10084,4.623,4786,FP,高地山脊交汇形成的马鞍状低谷，无连续闭合环缘，高程剖面不对称
2,356.8191,12.70004,4.212,3973,FP,月海被熔岩覆盖的严重退化幽灵坑（Ghost crater），坑缘断续，无明显碗状负异常
3,358.24555,11.79454,3.931,3460,FP,位于月海与皱岭过渡坡折处，受倾斜坡面阴影误导，缺乏封闭碗状凹陷
4,354.9189,8.68566,3.546,2816,FP,崎岖高地山体背阴面阴影闭合，缺失西北侧坑缘反向阴影
5,358.81587,11.26798,3.498,2740,FP,构造月溪/线性断裂槽谷的局部转折处，长宽比偏离，呈长条状延伸
6,356.38851,8.16409,3.09,2138,FP,靠近南侧图像边缘，复杂高地斜坡阴影被图像边界截断伪闭合
7,355.64014,8.58934,2.982,1991,FP,高地山脊间侵蚀洼地，无隆起坑缘，边缘轮廓不规则
8,355.4696,8.40889,2.781,1732,FP,高地孤丘背阴面投影，单侧阴影明显但无对应向阳坑内壁
9,355.05817,9.04461,2.257,1141,FP,高地山前平原缓坡过渡带，阴影为区域地形起伏，无中心凹陷
10,355.72717,9.45755,2.223,1107,TP,编目遗漏的退化小撞击坑，环形坑缘可见，内部呈浅碗状负异常
11,354.13583,9.37205,1.965,865,TP,西部月海平原边缘未编目浅坑，亮暗阴影环完整，圆形度高
12,355.56613,9.93417,1.92,826,TP,月海向高地深入的月湾平坦处小坑，坑壁阴影对称完整
13,356.1684,12.58954,1.842,760,TP,北部平坦月海区未编目新鲜小坑，碗状下凹极显著，亮暗坡对清晰
14,357.11532,12.45274,1.774,705,TP,月海背景上的孤立撞击坑，边缘环状隆起锐利，尺度形态均标准
15,356.88546,9.33713,1.64,602,TP,大坑北侧溅射区的小型叠置撞击坑，圆形碗状，非溅射丘块
16,356.52865,8.86221,1.566,549,FP,临近 357.0°E 大坑的西北外侧抬升壁，由大坑外轮廓局部曲率误报
17,355.02853,10.42399,1.516,515,TP,月海开阔地带小型撞击坑，环缘完整闭合，内部显著低于外围
18,358.4775,11.69571,1.509,510,TP,东北部月海浅坑，形态接近圆形，光影对偶特征明确
19,355.69471,8.79816,1.503,506,FP,高地残丘阴影造成的伪环形，剖面缺失对向反转坡度
20,356.47209,11.58785,1.456,475,TP,平坦月海平原小型撞击坑，等效长宽比接近 1，碗状结构典型
21,358.14162,9.9241,1.432,459,TP,东部过渡带未编目真坑，具有闭合外缘与凹陷坑底
22,357.12928,12.91574,1.424,454,TP,北部月海边界平坦区小坑，具有清晰环形亮暗边缘
23,353.68307,11.24518,1.398,438,TP,西侧平坦月海区孤立小坑，形态标准，Robbins 编目小尺寸遗漏
24,353.44127,9.52686,1.395,436,TP,西南平坦区撞击坑，向阳/背阴坡面完好，长宽比近 1
25,354.8906,9.02018,1.366,418,FP,高地起伏过渡带杂乱阴影，无连续闭合环缘
26,355.87745,10.52078,1.35,408,TP,月海平原内形态规整的次级小坑，内部负异常明显
27,357.68404,8.32928,1.287,371,FP,紧邻南侧高地陡坡的投射深影，不具备完整坑缘
28,356.01788,9.45793,1.241,345,FP,高地局部山脊边缘，阴影呈线状延伸而非圆形闭合
29,357.42393,11.44991,1.212,329,TP,月海典型新鲜碗状坑，等效直径符合准则，阴影环显著
30,357.53543,11.26409,1.188,316,FP,位于月海皱岭带侧翼，长条形地形阴影与微弱下凹复合误判
31,356.28888,11.12108,1.186,315,TP,平坦月海基底上的孤立小撞击坑，轮廓近圆形，对比度明确
32,357.54324,12.62427,1.167,305,TP,北部月海未编目小坑，剖面呈典型负异常碗底
33,358.8444,10.55035,1.132,287,FP,东部线状月溪/裂隙边缘断坎，长条形构造阴影
34,354.12441,8.48652,1.132,287,FP,"叠置于 (354.2°E, 8.5°N) 编目大坑的西南坑壁隆起上，属壁面粗糙伪像"
35,354.0483,8.48303,1.126,284,FP,与 Rank 34 处于同一大坑坑缘外坡，为溅射物堆叠造成的局部凸起伪闭合
36,356.01494,12.21081,1.116,279,FP,"位于 (355.7°E, 12.2°N) 大坑东侧隆起坑唇与外侧溅射毯上，非独立坑"
37,358.40417,11.71535,1.077,260,TP,月海小型圆坑，伴生于东北平原区，具有完整的向阳与背阴面
38,356.65935,9.29942,1.052,248,TP,溅射覆盖区小型浅坑，保留有闭合环状突起与微弱下凹
39,356.98474,8.48477,1.013,230,FP,"(357.0°E, 8.75°N) 坑南侧近源溅射丘块（Ejecta hummock），呈凸起而非凹陷"
40,358.01741,11.46553,1.005,226,TP,达标尺度（D≥1.0?km）微型真坑，月海背景干净，亮暗对偶显著
