rank,lon,lat,diam_km,nearest_det_km,nearest_det_diam_km,blob_inside,verdict,note
1,354.918,10.6401,3.053,2.8,1.36,yes,detectable,3km浅坑，月海背景下闭合环形坑缘及浅碗状地形完整可见
2,353.321,8.92258,2.221,1.39,4.01,no,not_detectable,月海玄武岩严重充填掩埋，地形高差几近消失，59m/px下无清晰坑缘
3,357.618,9.41212,1.994,1.7,1.74,no,not_detectable,处于溅射物覆盖区，坑壁受强烈侵蚀与碎屑堆积破坏，无法闭合
4,357.119,10.6774,1.929,1.45,3.42,no,detectable,向阳坡与背阴坡对比鲜明，环形坑唇闭合且轮廓清晰
5,358.047,11.5384,1.878,1.78,3.36,no,not_detectable,位于高地强烈倾斜坡面，与区域构造混杂，无独立环状坑缘
6,355.563,10.6212,1.638,1.2,3.24,no,detectable,微弱隆起带边缘浅坑，环形轮廓与坡度连续可辨
7,357.175,10.6483,1.611,0.95,3.42,no,not_detectable,紧邻大型凹陷边缘，受重叠地形破坏，环形坑缘不完整
8,358.31,11.7175,1.553,2.8,1.08,no,not_detectable,高地退化残坑，坑壁严重坍塌，59m/px下形态特征已消失
9,357.747,8.51042,1.474,0.5,1.66,yes,detectable,标准碗状小坑，环形坑唇规整，地形坡度特征明确
10,354.311,8.1784,1.452,1.92,6.42,no,not_detectable,叠加大坑外侧隆起与连续溅射毯，坑体被喷发物破坏
11,356.718,12.8392,1.426,5.17,4.21,yes,not_detectable,紧贴影像北侧边界（lat 12.84°N），边缘截断导致环形信息残缺
12,355.562,8.36116,1.4,1.38,3.75,no,not_detectable,极平缓退化洼地，无明显隆起坑缘与明暗反差
13,353.303,9.14479,1.367,1.29,2.55,no,not_detectable,靠近西边缘且被熔岩充填，坑缘特征在当前分辨率下已消失
14,357.597,9.20939,1.365,4.81,4.02,no,not_detectable,高地退化老坑，坑壁断裂磨蚀，无法辨识连续边缘
15,357.571,9.51611,1.339,1.08,1.11,no,detectable,坑唇规整，背阴阴影与向光坡形态完整清晰
16,355.235,10.0175,1.336,0.63,1.92,yes,detectable,月海平原上新鲜小坑，闭合环形坑缘极为清晰
17,354.346,8.03768,1.334,6.3,6.42,yes,not_detectable,紧贴图像南侧极边缘（lat 8.04°N），边界截断无法完整识别
18,356.877,11.6442,1.268,1.72,3.07,no,detectable,形态完好，具有清晰的圆形坑唇与凹陷阴影
19,354.054,8.92725,1.261,4.46,1.87,no,not_detectable,平坦月海区幽灵坑，完全被熔岩抹平，无有效坡度梯度
20,357.06,8.36045,1.255,4.39,1.01,yes,detectable,坑缘较清晰，碗状地形起伏与背景月海有明确界限
21,358.661,12.7598,1.254,1.87,1.02,no,not_detectable,东北角次生坑密集带，形态严重退化破碎
22,358.198,10.0909,1.246,0.82,2.34,no,detectable,闭合圆环轮廓可见，具备可分辨的对称坡向特征
23,358.261,9.00468,1.238,3.03,2.88,yes,not_detectable,处于东侧大坑连续溅射毯冲刷覆盖带，原坑缘已被彻底抹平
24,358.521,11.6445,1.211,2.02,1.51,no,not_detectable,高地深风化老坑，无环形凸起，坑缘不可辨
25,357.971,10.5653,1.199,1.78,1.26,no,unclear,位于过渡斜坡，坑壁极度扁平磨蚀，边缘界限模糊
26,357.877,10.1228,1.175,3.44,3.18,yes,detectable,小型规则撞击坑，坑缘完整，具有可辨识的阴影边缘
27,358.212,11.4056,1.164,3.05,2.44,yes,detectable,高地局部平缓处的小坑，保存完整，环形特征明显
28,357.013,9.79049,1.142,5.67,1.55,no,detectable,碗状形态清晰，向光/背光坡反差明确，坑唇完整
29,356.468,11.6556,1.109,0.68,1.54,no,detectable,坑型保持较好，环形边缘可连续追踪
30,357.305,8.39678,1.1,3.97,1.54,no,not_detectable,位于大坑壁外侧杂乱碎屑坡，坑缘不闭合且已变形
31,357.597,10.2798,1.099,2.59,3.25,yes,detectable,小型新鲜坑，坑唇与中心下陷在地形上清晰可辨
32,357.982,8.59834,1.084,1.6,2.42,no,not_detectable,受溅射沉积物覆盖破坏，几何轮廓破碎
33,358.877,10.8907,1.079,3.03,2,yes,detectable,圆形轮廓完整，坡度对比度充足
34,358.353,8.06396,1.076,5.4,1.16,no,not_detectable,极贴近南侧边缘（lat 8.06°N），截断严重且已退化
35,355.649,9.81431,1.07,0.65,1.93,no,detectable,平坦月海背景下标准小坑，环形坑唇与阴影完好
36,358.339,9.00434,1.05,1.61,2.88,no,not_detectable,同处于大坑溅射毯强覆盖带，边缘地形已被掩埋抹平
37,358.729,12.6334,1.049,3.49,1.26,no,not_detectable,高地破碎地形，坑壁残破无闭合性
38,357.777,10.7804,1.034,1.67,1.34,no,detectable,圆碗状地形清晰，坑唇边界闭合可见
39,354.436,10.6786,1.014,1.38,2.06,no,detectable,月海内部小坑，轮廓清晰，阴影和向光坡对比显著
40,353.201,11.6521,1.013,6.45,1.91,yes,not_detectable,极贴近西边界（lon 353.20°E），受边缘效应影响且起伏已平缓退化
