draw,w_slope,w_roughness,w_crater,slope_safe,slope_danger,rough_safe,rough_danger,rim_buffer,catalogue,safe_fraction,mean_S
0,0.52635,0.20413,0.26952,3.0,20.0,0.5,5.0,1000.0,recall,0.71651,0.26443
1,0.55332,0.22973,0.21695,3.0,15.0,2.0,3.0,1000.0,precision,0.55712,0.30774
2,0.47173,0.20407,0.32420,8.0,20.0,0.5,10.0,500.0,recall,0.93935,0.15263
3,0.56497,0.24293,0.19210,5.0,15.0,2.0,10.0,1000.0,precision,0.8506,0.19226
4,0.56654,0.24422,0.18924,8.0,10.0,1.0,10.0,1000.0,recall,0.81536,0.21333
5,0.54025,0.17190,0.28785,8.0,10.0,1.0,10.0,1000.0,precision,0.83992,0.19258
6,0.59680,0.24759,0.15561,8.0,10.0,2.0,5.0,500.0,recall,0.75248,0.24283
7,0.49005,0.19601,0.31393,8.0,10.0,0.5,5.0,1000.0,recall,0.71941,0.25966
8,0.52081,0.24274,0.23646,5.0,20.0,0.5,5.0,500.0,precision,0.80914,0.24291
9,0.57162,0.14433,0.28406,3.0,15.0,2.0,3.0,500.0,recall,0.73337,0.25441
10,0.55551,0.17467,0.26983,5.0,15.0,2.0,5.0,500.0,recall,0.82954,0.2099
11,0.51742,0.23222,0.25036,8.0,15.0,2.0,3.0,2000.0,recall,0.64248,0.28033
12,0.65175,0.14899,0.19926,8.0,10.0,0.5,5.0,500.0,precision,0.81672,0.22211
13,0.59775,0.24871,0.15354,3.0,15.0,1.0,5.0,500.0,precision,0.60023,0.29825
14,0.53792,0.19723,0.26486,8.0,20.0,0.5,10.0,2000.0,recall,0.87012,0.19312
15,0.59020,0.19387,0.21593,5.0,10.0,0.5,3.0,2000.0,recall,0.44447,0.36214
16,0.57250,0.18411,0.24339,5.0,15.0,2.0,3.0,1000.0,recall,0.72669,0.25602
17,0.45284,0.30774,0.23942,3.0,15.0,2.0,10.0,1000.0,recall,0.764,0.2338
18,0.43627,0.22225,0.34149,8.0,15.0,2.0,5.0,1000.0,precision,0.82139,0.2102
19,0.52348,0.20246,0.27406,5.0,20.0,2.0,5.0,2000.0,precision,0.75285,0.23289
20,0.60189,0.15695,0.24117,3.0,15.0,0.5,10.0,2000.0,recall,0.67915,0.2632
21,0.46091,0.20114,0.33795,8.0,10.0,1.0,3.0,500.0,recall,0.72631,0.2689
22,0.51249,0.13550,0.35201,3.0,10.0,1.0,10.0,2000.0,precision,0.57609,0.29943
23,0.50721,0.17916,0.31363,5.0,10.0,2.0,3.0,1000.0,recall,0.59468,0.29569
24,0.50556,0.22093,0.27351,8.0,20.0,2.0,3.0,1000.0,precision,0.83477,0.22526
25,0.60991,0.17536,0.21473,3.0,20.0,0.5,10.0,1000.0,recall,0.8537,0.20595
26,0.42488,0.24981,0.32531,8.0,15.0,0.5,3.0,1000.0,precision,0.67111,0.29534
27,0.54007,0.31537,0.14456,3.0,15.0,2.0,10.0,500.0,precision,0.78789,0.22951
28,0.59270,0.18013,0.22718,8.0,20.0,0.5,3.0,1000.0,precision,0.87836,0.22289
29,0.56779,0.14345,0.28876,8.0,10.0,0.5,5.0,1000.0,precision,0.79274,0.22711
30,0.39372,0.19125,0.41504,8.0,15.0,2.0,3.0,2000.0,recall,0.60854,0.28721
31,0.45162,0.29773,0.25065,5.0,20.0,2.0,3.0,2000.0,precision,0.53486,0.31442
32,0.49396,0.19588,0.31016,5.0,10.0,1.0,3.0,2000.0,precision,0.48412,0.34649
33,0.47327,0.32717,0.19956,3.0,15.0,2.0,10.0,1000.0,precision,0.77029,0.23315
34,0.50086,0.26966,0.22948,5.0,15.0,0.5,5.0,500.0,precision,0.68735,0.27909
35,0.52267,0.21934,0.25800,5.0,10.0,0.5,5.0,500.0,precision,0.61582,0.29523
36,0.55334,0.22920,0.21746,3.0,10.0,1.0,10.0,1000.0,recall,0.58633,0.29826
37,0.59695,0.14854,0.25451,8.0,10.0,0.5,5.0,1000.0,recall,0.77736,0.23563
38,0.53724,0.16471,0.29805,3.0,15.0,2.0,3.0,500.0,precision,0.72335,0.25883
39,0.62330,0.11906,0.25764,5.0,10.0,0.5,10.0,500.0,recall,0.77574,0.22682
40,0.57837,0.23711,0.18452,8.0,15.0,1.0,10.0,2000.0,precision,0.86525,0.19096
41,0.52458,0.30165,0.17378,5.0,20.0,2.0,5.0,500.0,recall,0.7804,0.23803
42,0.59226,0.16686,0.24088,8.0,10.0,1.0,3.0,500.0,precision,0.7767,0.24929
43,0.52915,0.27934,0.19151,5.0,15.0,1.0,3.0,2000.0,precision,0.46273,0.34778
44,0.56806,0.23264,0.19930,8.0,10.0,2.0,5.0,500.0,precision,0.77573,0.23305
45,0.60304,0.19042,0.20653,8.0,10.0,2.0,10.0,1000.0,recall,0.84286,0.18994
46,0.50131,0.16348,0.33521,3.0,10.0,1.0,5.0,1000.0,precision,0.55728,0.30923
47,0.54679,0.24093,0.21228,3.0,20.0,0.5,5.0,500.0,recall,0.7145,0.27056
48,0.56077,0.26022,0.17901,8.0,15.0,1.0,3.0,1000.0,recall,0.6905,0.289
49,0.47080,0.17745,0.35175,3.0,20.0,1.0,3.0,500.0,recall,0.77386,0.25461
50,0.55905,0.23162,0.20933,5.0,20.0,0.5,5.0,2000.0,precision,0.70491,0.26683
51,0.58051,0.23116,0.18832,5.0,20.0,2.0,10.0,1000.0,precision,0.90429,0.16555
52,0.54530,0.19243,0.26227,3.0,15.0,2.0,5.0,1000.0,recall,0.67955,0.26368
53,0.59244,0.21645,0.19111,5.0,10.0,1.0,3.0,2000.0,recall,0.43142,0.36508
54,0.62529,0.20323,0.17148,8.0,20.0,2.0,3.0,500.0,recall,0.90615,0.20105
55,0.64965,0.20824,0.14211,8.0,10.0,2.0,10.0,1000.0,precision,0.84627,0.18891
56,0.56508,0.18972,0.24520,3.0,15.0,2.0,10.0,2000.0,recall,0.70097,0.25137
57,0.57386,0.16203,0.26411,3.0,15.0,0.5,5.0,500.0,recall,0.72414,0.26104
58,0.54500,0.10623,0.34877,3.0,10.0,2.0,3.0,2000.0,recall,0.47411,0.34505
59,0.45650,0.20995,0.33355,3.0,20.0,0.5,10.0,2000.0,recall,0.69499,0.25401
60,0.63404,0.19542,0.17054,5.0,20.0,1.0,3.0,1000.0,recall,0.79134,0.25379
61,0.47947,0.30451,0.21602,3.0,10.0,1.0,3.0,500.0,precision,0.30633,0.41212
62,0.61361,0.19782,0.18857,3.0,10.0,0.5,5.0,1000.0,recall,0.44064,0.35688
63,0.52789,0.18320,0.28892,5.0,20.0,1.0,5.0,1000.0,recall,0.82214,0.22167
64,0.65513,0.22891,0.11596,5.0,20.0,0.5,10.0,1000.0,precision,0.89708,0.18479
65,0.57191,0.24766,0.18043,3.0,20.0,2.0,3.0,500.0,precision,0.66567,0.27874
66,0.61915,0.20600,0.17485,3.0,10.0,0.5,5.0,500.0,precision,0.45441,0.35006
67,0.52165,0.14220,0.33616,5.0,20.0,0.5,5.0,1000.0,recall,0.84434,0.2097
68,0.60805,0.20733,0.18462,8.0,10.0,0.5,10.0,2000.0,precision,0.78603,0.226
69,0.46152,0.22060,0.31788,3.0,15.0,2.0,5.0,500.0,recall,0.72048,0.25219
70,0.48404,0.33454,0.18142,5.0,20.0,0.5,5.0,2000.0,precision,0.5387,0.31884
71,0.58389,0.16209,0.25402,3.0,20.0,0.5,5.0,500.0,precision,0.83371,0.22671
72,0.70228,0.14043,0.15729,5.0,10.0,2.0,5.0,2000.0,recall,0.61034,0.28666
73,0.57066,0.23096,0.19839,3.0,20.0,1.0,5.0,1000.0,precision,0.71881,0.26322
74,0.47510,0.21230,0.31261,5.0,15.0,2.0,5.0,1000.0,recall,0.74755,0.23892
75,0.43723,0.21740,0.34537,3.0,15.0,2.0,10.0,1000.0,recall,0.78511,0.22042
76,0.51279,0.19991,0.28731,8.0,20.0,1.0,5.0,500.0,precision,0.91005,0.188
77,0.60334,0.14223,0.25442,8.0,10.0,2.0,3.0,500.0,precision,0.81668,0.21872
78,0.53313,0.21851,0.24836,5.0,15.0,2.0,3.0,500.0,precision,0.73789,0.25742
79,0.64582,0.12757,0.22661,8.0,20.0,0.5,5.0,1000.0,recall,0.9339,0.16715
80,0.53235,0.21009,0.25756,5.0,20.0,2.0,10.0,1000.0,precision,0.90257,0.1637
81,0.50035,0.18035,0.31929,3.0,15.0,1.0,3.0,2000.0,recall,0.48809,0.34045
82,0.55414,0.17620,0.26966,3.0,20.0,0.5,10.0,1000.0,recall,0.84622,0.20653
83,0.52655,0.17459,0.29886,3.0,20.0,2.0,5.0,1000.0,recall,0.7865,0.22719
84,0.51137,0.23249,0.25614,3.0,20.0,2.0,3.0,500.0,recall,0.69797,0.26941
85,0.57159,0.17773,0.25068,8.0,20.0,1.0,10.0,2000.0,precision,0.90404,0.16733
86,0.63419,0.10259,0.26322,3.0,15.0,2.0,3.0,2000.0,recall,0.6206,0.28248
87,0.55599,0.20607,0.23793,8.0,20.0,0.5,10.0,500.0,precision,0.94844,0.14673
88,0.42759,0.24923,0.32319,5.0,20.0,1.0,5.0,500.0,precision,0.80922,0.23495
89,0.61009,0.11909,0.27082,3.0,15.0,1.0,3.0,1000.0,precision,0.71059,0.26528
90,0.49517,0.28415,0.22068,3.0,10.0,2.0,10.0,500.0,precision,0.66786,0.26795
91,0.56596,0.22898,0.20506,5.0,20.0,0.5,10.0,2000.0,recall,0.82846,0.21605
92,0.60080,0.18217,0.21703,3.0,10.0,0.5,5.0,500.0,precision,0.4976,0.33292
93,0.52926,0.21630,0.25443,5.0,10.0,2.0,3.0,2000.0,recall,0.4684,0.34579
94,0.49038,0.25681,0.25281,8.0,10.0,0.5,3.0,500.0,precision,0.60384,0.31506
95,0.53619,0.17450,0.28932,8.0,10.0,2.0,3.0,2000.0,recall,0.61815,0.28635
96,0.59951,0.16295,0.23754,8.0,15.0,1.0,10.0,500.0,precision,0.92844,0.14482
97,0.60452,0.16383,0.23164,8.0,20.0,2.0,10.0,2000.0,recall,0.91874,0.15907
98,0.53553,0.24395,0.22052,8.0,10.0,2.0,10.0,1000.0,precision,0.83747,0.19321
99,0.52381,0.17749,0.29870,3.0,10.0,1.0,10.0,2000.0,recall,0.53061,0.31813
100,0.53658,0.19304,0.27038,8.0,15.0,2.0,5.0,500.0,precision,0.88694,0.1824
101,0.48588,0.17265,0.34147,3.0,15.0,2.0,5.0,500.0,precision,0.78106,0.23105
102,0.56184,0.28990,0.14825,3.0,20.0,2.0,10.0,1000.0,recall,0.84625,0.20542
103,0.52839,0.16699,0.30461,5.0,20.0,2.0,5.0,1000.0,recall,0.85015,0.19951
104,0.60326,0.23934,0.15740,8.0,20.0,1.0,10.0,500.0,recall,0.94583,0.14936
105,0.48902,0.21730,0.29368,3.0,10.0,1.0,10.0,500.0,precision,0.67806,0.26668
106,0.50900,0.21671,0.27429,3.0,10.0,1.0,3.0,1000.0,recall,0.39011,0.37731
107,0.54485,0.23190,0.22325,8.0,20.0,2.0,5.0,2000.0,precision,0.82257,0.21415
108,0.56387,0.08804,0.34809,5.0,10.0,0.5,5.0,2000.0,recall,0.59443,0.29203
109,0.54666,0.26225,0.19109,5.0,15.0,0.5,10.0,500.0,precision,0.83983,0.21185
110,0.63321,0.13076,0.23603,8.0,15.0,2.0,5.0,2000.0,recall,0.84539,0.19912
111,0.42513,0.32751,0.24736,8.0,15.0,0.5,3.0,1000.0,precision,0.47061,0.34771
112,0.44572,0.23508,0.31920,8.0,20.0,2.0,3.0,1000.0,precision,0.79721,0.23734
113,0.51373,0.16214,0.32413,5.0,10.0,2.0,3.0,2000.0,precision,0.55074,0.31176
114,0.48240,0.22911,0.28849,3.0,20.0,1.0,5.0,500.0,recall,0.75963,0.25153
115,0.65364,0.18786,0.15850,8.0,20.0,0.5,10.0,500.0,precision,0.95751,0.13811
116,0.49986,0.20083,0.29931,5.0,10.0,1.0,5.0,1000.0,recall,0.60518,0.2934
117,0.53311,0.20497,0.26192,5.0,10.0,0.5,5.0,1000.0,precision,0.59662,0.30042
118,0.53973,0.17605,0.28422,5.0,15.0,0.5,3.0,1000.0,recall,0.69647,0.27764
119,0.66953,0.15267,0.17780,5.0,10.0,1.0,10.0,2000.0,recall,0.66305,0.26789
120,0.60551,0.16982,0.22468,5.0,15.0,0.5,5.0,500.0,recall,0.80809,0.23235
121,0.50251,0.33102,0.16647,8.0,20.0,2.0,10.0,500.0,recall,0.92735,0.15635
122,0.55897,0.26734,0.17369,3.0,20.0,0.5,3.0,2000.0,recall,0.41066,0.35958
123,0.59500,0.19228,0.21272,5.0,10.0,2.0,3.0,500.0,recall,0.5955,0.29693
124,0.49439,0.24538,0.26023,3.0,15.0,0.5,10.0,500.0,recall,0.7856,0.23644
125,0.57004,0.26048,0.16948,3.0,20.0,2.0,5.0,2000.0,recall,0.63285,0.27715
126,0.58379,0.22177,0.19443,8.0,10.0,0.5,5.0,500.0,recall,0.73898,0.26071
127,0.54812,0.21025,0.24163,8.0,10.0,0.5,10.0,1000.0,recall,0.81481,0.21341
128,0.46012,0.22252,0.31736,8.0,20.0,2.0,3.0,1000.0,precision,0.81671,0.22958
129,0.57239,0.16790,0.25971,8.0,15.0,0.5,5.0,1000.0,recall,0.85089,0.21099
130,0.63490,0.17208,0.19302,8.0,15.0,1.0,5.0,500.0,precision,0.89174,0.18872
131,0.60113,0.22712,0.17175,3.0,20.0,2.0,5.0,1000.0,recall,0.7497,0.24534
132,0.56304,0.14126,0.29570,5.0,15.0,0.5,10.0,1000.0,recall,0.84674,0.19585
133,0.51992,0.16754,0.31254,8.0,20.0,1.0,10.0,2000.0,precision,0.87822,0.17497
134,0.51664,0.22499,0.25837,8.0,15.0,2.0,10.0,1000.0,recall,0.89568,0.1646
135,0.57271,0.23712,0.19018,3.0,10.0,1.0,10.0,500.0,precision,0.61379,0.29013
136,0.54052,0.19678,0.26271,8.0,15.0,1.0,10.0,2000.0,recall,0.837,0.20217
137,0.49398,0.21151,0.29451,5.0,10.0,1.0,5.0,500.0,recall,0.64291,0.2816
138,0.51624,0.33466,0.14910,3.0,15.0,0.5,3.0,1000.0,recall,0.28045,0.41221
139,0.55249,0.29159,0.15592,5.0,10.0,1.0,3.0,2000.0,precision,0.35485,0.39752
140,0.61474,0.21110,0.17416,3.0,10.0,0.5,5.0,2000.0,precision,0.40451,0.37654
141,0.41501,0.28487,0.30011,5.0,20.0,2.0,10.0,1000.0,recall,0.86492,0.1861
142,0.45905,0.24005,0.30090,3.0,20.0,0.5,10.0,500.0,precision,0.8653,0.20221
143,0.46256,0.32847,0.20897,3.0,15.0,2.0,3.0,1000.0,precision,0.41547,0.35368
144,0.55879,0.29784,0.14337,5.0,20.0,1.0,10.0,500.0,recall,0.88575,0.19126
145,0.48063,0.27631,0.24306,5.0,15.0,1.0,5.0,1000.0,recall,0.63828,0.28629
146,0.58370,0.17327,0.24303,3.0,15.0,1.0,3.0,1000.0,precision,0.61554,0.29767
147,0.47808,0.23857,0.28335,8.0,10.0,1.0,3.0,500.0,precision,0.66647,0.29126
148,0.54849,0.19006,0.26145,8.0,20.0,2.0,3.0,1000.0,recall,0.86477,0.21131
149,0.57624,0.22416,0.19960,3.0,15.0,0.5,5.0,2000.0,precision,0.53182,0.32077
150,0.39441,0.32882,0.27676,3.0,15.0,0.5,5.0,1000.0,recall,0.4572,0.34786
151,0.61293,0.14823,0.23884,8.0,15.0,0.5,5.0,500.0,recall,0.89834,0.18555
152,0.54920,0.27494,0.17587,3.0,15.0,2.0,5.0,2000.0,precision,0.55115,0.30634
153,0.58885,0.17110,0.24006,3.0,10.0,2.0,5.0,500.0,recall,0.55949,0.30461
154,0.40493,0.23561,0.35946,8.0,15.0,1.0,5.0,2000.0,precision,0.65797,0.27251
155,0.66657,0.17362,0.15981,3.0,15.0,2.0,5.0,500.0,precision,0.72658,0.25229
156,0.70180,0.11451,0.18369,3.0,15.0,1.0,3.0,1000.0,recall,0.68761,0.27287
157,0.52568,0.16323,0.31109,5.0,10.0,2.0,10.0,1000.0,precision,0.77029,0.22195
158,0.62875,0.21236,0.15888,5.0,10.0,1.0,10.0,500.0,precision,0.73409,0.24586
159,0.51931,0.20661,0.27408,3.0,10.0,0.5,5.0,500.0,precision,0.50827,0.3288
160,0.52673,0.23147,0.24180,8.0,20.0,1.0,10.0,1000.0,precision,0.92479,0.15864
161,0.63770,0.19859,0.16371,8.0,15.0,1.0,5.0,500.0,recall,0.87351,0.20418
162,0.55531,0.24469,0.20000,5.0,10.0,2.0,10.0,1000.0,precision,0.74009,0.23785
163,0.44737,0.27911,0.27352,5.0,20.0,0.5,5.0,500.0,recall,0.74123,0.26531
164,0.64863,0.15800,0.19338,8.0,10.0,0.5,5.0,1000.0,recall,0.77549,0.23977
165,0.52504,0.30070,0.17426,5.0,10.0,1.0,3.0,2000.0,precision,0.34532,0.40251
166,0.57595,0.15031,0.27374,8.0,10.0,2.0,3.0,2000.0,recall,0.65696,0.27189
167,0.64877,0.17296,0.17827,3.0,15.0,1.0,10.0,500.0,recall,0.80478,0.22578
168,0.53153,0.17632,0.29215,5.0,10.0,1.0,5.0,2000.0,precision,0.56497,0.30661
169,0.46946,0.23307,0.29746,8.0,15.0,2.0,3.0,1000.0,recall,0.74026,0.25489
170,0.60736,0.20789,0.18476,5.0,10.0,0.5,3.0,2000.0,precision,0.44879,0.36116
171,0.50806,0.21046,0.28148,8.0,10.0,2.0,5.0,500.0,recall,0.79392,0.22354
172,0.54501,0.15957,0.29542,5.0,10.0,2.0,5.0,2000.0,recall,0.57347,0.29842
173,0.44079,0.26618,0.29303,5.0,20.0,2.0,5.0,1000.0,recall,0.75478,0.23947
174,0.56377,0.15154,0.28469,3.0,15.0,2.0,10.0,2000.0,precision,0.72867,0.2387
175,0.58864,0.23539,0.17596,5.0,10.0,0.5,5.0,1000.0,precision,0.54557,0.32102
176,0.52683,0.18285,0.29032,3.0,15.0,2.0,10.0,500.0,precision,0.84215,0.20066
177,0.63146,0.17242,0.19612,5.0,10.0,2.0,3.0,2000.0,precision,0.5416,0.31575
178,0.56537,0.14474,0.28989,5.0,20.0,0.5,3.0,1000.0,recall,0.82462,0.23261
179,0.43360,0.37983,0.18657,8.0,20.0,0.5,10.0,2000.0,precision,0.81191,0.22953
180,0.61022,0.24936,0.14042,8.0,20.0,1.0,5.0,1000.0,recall,0.86805,0.21949
181,0.60126,0.12222,0.27651,3.0,15.0,0.5,3.0,1000.0,recall,0.67671,0.27778
182,0.45883,0.23471,0.30646,3.0,15.0,1.0,10.0,2000.0,precision,0.67667,0.26176
183,0.50789,0.28377,0.20835,8.0,10.0,0.5,5.0,1000.0,recall,0.61178,0.30218
184,0.52447,0.17917,0.29636,3.0,10.0,1.0,5.0,500.0,precision,0.56126,0.30728
185,0.40013,0.31376,0.28611,8.0,10.0,0.5,5.0,2000.0,precision,0.50247,0.33913
186,0.45738,0.27835,0.26428,8.0,10.0,0.5,5.0,500.0,precision,0.67859,0.28242
187,0.60663,0.21048,0.18290,5.0,10.0,2.0,10.0,1000.0,precision,0.74174,0.23708
188,0.66003,0.17275,0.16722,5.0,15.0,0.5,5.0,2000.0,precision,0.72674,0.258
189,0.57714,0.15887,0.26399,5.0,15.0,0.5,3.0,1000.0,precision,0.74859,0.26026
190,0.55405,0.26631,0.17964,5.0,15.0,0.5,10.0,2000.0,precision,0.76635,0.23888
191,0.38147,0.17690,0.44163,8.0,15.0,1.0,10.0,1000.0,recall,0.86666,0.17845
192,0.55538,0.18439,0.26023,8.0,15.0,0.5,5.0,1000.0,precision,0.8458,0.2145
193,0.59007,0.22353,0.18640,8.0,20.0,2.0,3.0,1000.0,precision,0.86249,0.22016
194,0.57559,0.19387,0.23054,3.0,10.0,0.5,5.0,500.0,precision,0.49448,0.33393
195,0.58988,0.17777,0.23235,5.0,20.0,0.5,3.0,500.0,recall,0.83945,0.24011
196,0.65563,0.15259,0.19178,3.0,15.0,2.0,3.0,500.0,recall,0.69352,0.26776
197,0.54034,0.21694,0.24272,8.0,15.0,0.5,5.0,1000.0,recall,0.80552,0.23704
198,0.56873,0.26116,0.17011,8.0,10.0,1.0,5.0,1000.0,recall,0.67017,0.27976
199,0.60024,0.23848,0.16128,5.0,10.0,0.5,5.0,2000.0,precision,0.4973,0.33925
