label,lon,lat,source,rank_pct_mean,rank_pct_p05,rank_pct_p95,p_top10,p_safe_class
1#equal,353.76172,11.08398,equal,100.0,100.0,100.0,1.0,1.0
2#equal,353.77344,10.85352,equal,100.0,100.0,100.0,1.0,1.0
3#equal,353.61523,10.51172,equal,99.9,99.8,100.0,1.0,1.0
4#equal,353.76172,10.33398,equal,99.9,99.9,100.0,1.0,1.0
5#equal,353.0,11.63477,equal,99.8,99.7,99.8,1.0,1.0
6#equal,354.43555,10.55273,equal,99.8,99.8,99.8,1.0,1.0
7#equal,354.16797,12.98242,equal,99.8,99.8,99.9,1.0,1.0
9#equal,353.81055,10.57422,equal,99.8,99.7,100.0,1.0,1.0
10#equal,356.61133,9.85938,equal,99.8,99.7,99.9,1.0,1.0
9#entropy,356.78711,9.75977,entropy,99.8,99.7,99.9,1.0,1.0
10#calib50_95,353.99219,10.45312,calib50_95,99.6,99.2,99.9,1.0,1.0
8#equal,353.65039,12.62891,equal,99.4,97.6,99.8,1.0,1.0
5#calib50_95,353.66211,12.26172,calib50_95,99.4,98.7,99.9,1.0,1.0
8#calib50_95,353.69336,12.80273,calib50_95,99.3,98.5,99.8,1.0,1.0
6#calib50_95,354.18164,11.62891,calib50_95,99.0,97.6,99.8,1.0,1.0
LS3,355.78,12.16,paper,82.9,79.8,87.1,0.0,1.0
Fresh_crater,355.57,11.46,paper,71.4,56.9,80.7,0.0,0.975
LS1,355.76,11.43,paper,57.2,40.9,68.9,0.0,0.785
LS4,355.97,10.43,paper,44.3,37.0,52.6,0.0,0.13
LS2,356.56,12.41,paper,1.9,1.1,3.5,0.0,0.0
Bode_C,355.23,12.22,paper,0.0,0.0,0.0,0.0,0.0
